class,video_segment,body_angle_mean,body_angle_std,body_angle_min,body_angle_max,body_angle_range,hip_shoulder_vertical_diff_mean,hip_shoulder_vertical_diff_std,hip_shoulder_vertical_diff_min,hip_shoulder_vertical_diff_max,hip_shoulder_vertical_diff_range,hip_ankle_vertical_diff_mean,hip_ankle_vertical_diff_std,hip_ankle_vertical_diff_min,hip_ankle_vertical_diff_max,hip_ankle_vertical_diff_range,shoulder_elbow_angle_mean,shoulder_elbow_angle_std,shoulder_elbow_angle_min,shoulder_elbow_angle_max,shoulder_elbow_angle_range,wrist_shoulder_hip_angle_mean,wrist_shoulder_hip_angle_std,wrist_shoulder_hip_angle_min,wrist_shoulder_hip_angle_max,wrist_shoulder_hip_angle_range
plank_cadera_caida,IMG_0219_datos_seg_1,165.69849470799193,0.4594531732432346,164.9128151465195,166.36610640373442,1.4532912572149144,0.05815726617972052,0.0005096782251140043,0.0572167634963989,0.0592250823974609,0.0020083189010620048,-0.028505523006121268,0.0013848761123817616,-0.0312151312828063,-0.0263416171073913,0.004873514175415001,64.20017535517624,0.569149656618978,63.205616656130346,64.88110834155594,1.6754916854255981,89.85660647813543,0.49185384860631415,89.22543396627161,90.62296375901484,1.397529792743228
plank_cadera_caida,IMG_0219_datos_seg_2,165.68743618535007,0.4608636491199325,164.9128151465195,166.36610640373442,1.4532912572149144,0.058168105284372926,0.0005064927203611183,0.0572167634963989,0.0592250823974609,0.0020083189010620048,-0.028447200854619294,0.0014061744604153318,-0.0312151312828063,-0.0262255668640136,0.0049895644187927,64.2045779712829,0.5737077786136766,63.205616656130346,64.91620723367748,1.710590577547137,89.85363664876209,0.4915083977984179,89.22543396627161,90.62296375901484,1.397529792743228
plank_cadera_caida,IMG_0219_datos_seg_3,165.71180306832275,0.46095911314069343,164.9128151465195,166.36610640373442,1.4532912572149144,0.0581444789965947,0.0005156528352530142,0.0572167634963989,0.0592250823974609,0.0020083189010620048,-0.02856749892234797,0.001369516883194961,-0.0312151312828063,-0.0263778567314147,0.004837274551391598,64.20080403251688,0.5699348484238549,63.205616656130346,64.91882898199432,1.713212325863978,89.86066773755152,0.49283464905806357,89.22543396627161,90.62296375901484,1.397529792743228
plank_cadera_caida,IMG_0220_datos_seg_1,161.82115973733664,0.7853004843140663,160.1788780390915,163.38496012178024,3.206082082688738,0.009273989001909847,0.001523357878527985,0.0045752525329589,0.0141763687133789,0.009601116180419998,0.03498300810654953,0.0025800852124136632,0.0305525660514831,0.0400428771972656,0.009490311145782498,84.25543141083587,0.8132702238535507,81.42657116878844,85.82581214624719,4.399240977458746,98.14766857241743,0.7879859133771691,96.8401866413814,100.92112265712598,4.080936015744584
plank_cadera_caida,IMG_0220_datos_seg_2,161.80810454289775,0.7855515280412894,160.1788780390915,163.38496012178024,3.206082082688738,0.009229237834612485,0.0014122917405984458,0.0045752525329589,0.0114912986755371,0.0069160461425782005,0.035040373603502865,0.0025174120223372958,0.0318846702575683,0.0400428771972656,0.0081582069396973,84.27843909334476,0.7488606939172583,82.64286819507743,85.82581214624719,3.1829439511697615,98.14637519451192,0.7897391493839502,96.8401866413814,100.92112265712598,4.080936015744584
plank_cadera_caida,IMG_0220_datos_seg_3,161.7342693536609,1.06114690969209,156.28894083104677,163.38496012178024,7.096019290733466,0.009626439213752702,0.0033626334413659064,0.0045752525329589,0.032560110092163,0.0279848575592041,0.03491567472616827,0.002663336160881239,0.029741883277893,0.0400428771972656,0.010300993919372597,84.13386477317145,1.3708150400225596,75.62265466949647,85.82581214624719,10.203157476750718,98.02819611730271,1.3161149294477243,89.93067071483067,100.92112265712598,10.990451942295309
plank_cadera_caida,IMG_0238_datos_seg_1,159.88224693301925,0.49112167209664975,159.0994034236072,160.92273982954674,1.8233364059395285,0.06820709407329555,0.001844232572702699,0.0649557709693908,0.0715090334415435,0.006553262472152696,-0.0128900269667307,0.0011924406249690387,-0.0142931640148162,-0.0100060105323791,0.004287153482437099,60.553996549858624,1.489312861589933,57.90116813387595,62.84520137003575,4.944033236159804,85.59452597338205,1.5608775889342439,83.56640016189041,88.27456633374565,4.70816617185524
plank_cadera_caida,IMG_0238_datos_seg_2,159.8816478886159,0.49173000135838396,159.0994034236072,160.92273982954674,1.8233364059395285,0.06822818915049231,0.0018407979714347236,0.0649557709693908,0.0715090334415435,0.006553262472152696,-0.012911721567312823,0.0011501729789204905,-0.0142931640148162,-0.0102177560329437,0.0040754079818725,60.513793033667454,1.494645396149586,57.90116813387595,62.84520137003575,4.944033236159804,85.56245397494517,1.5471942593566332,83.56640016189041,88.27456633374565,4.70816617185524
plank_cadera_caida,IMG_0238_datos_seg_3,159.88153493845564,0.49188189117120784,159.0994034236072,160.92273982954674,1.8233364059395285,0.06818261394898092,0.0018468187757229484,0.0649557709693908,0.0715090334415435,0.006553262472152696,-0.012858497103055266,0.001249508401729521,-0.0142931640148162,-0.0097552835941314,0.004537880420684799,60.59477897997631,1.482761901980396,57.90116813387595,62.84520137003575,4.944033236159804,85.62892153307149,1.5733290877779553,83.56640016189041,88.27456633374565,4.70816617185524
plank_cadera_caida,IMG_0239_datos_seg_1,160.09508750316894,1.0050108162054077,157.84522508037358,162.52644769150146,4.681222611127879,0.038236659268538115,0.0015791201098419594,0.0357681512832641,0.041416049003601,0.0056478977203369,0.023944009343783015,0.0023261492586923367,0.0166881382465362,0.0283019840717315,0.011613845825195302,64.91823501230303,0.8564526742786267,63.195703255148885,66.48557041221741,3.289867157068528,86.76329584968757,0.5735484164484919,85.57341221486432,87.57636451557862,2.0029523007142984
plank_cadera_caida,IMG_0239_datos_seg_2,160.17312006927133,1.0091160855436567,158.2962039325278,162.5271790465181,4.2309751139903256,0.03817576467990871,0.0015239196652844752,0.0357681512832641,0.0413053929805755,0.005537241697311401,0.023747295141220044,0.002447273541940957,0.0164991319179534,0.0269742608070373,0.0104751288890839,64.9483678829695,0.8489308285324924,63.195703255148885,66.48557041221741,3.289867157068528,86.78222782991303,0.5669831616600965,85.57341221486432,87.57636451557862,2.0029523007142984
plank_cadera_caida,IMG_0239_datos_seg_3,160.0100596351213,1.0116107867531243,157.42477560864592,162.20461422937046,4.779838620724547,0.038308400412400516,0.0016433673657529383,0.0357681512832641,0.0418436527252197,0.006075501441955601,0.024149416387081103,0.0022161130951443763,0.0177837908267974,0.0290125608444213,0.011228770017623901,64.89071190699019,0.8647686428568627,63.195703255148885,66.48557041221741,3.289867157068528,86.74034666909957,0.5888523759420847,85.57341221486432,87.57636451557862,2.0029523007142984
plank_cadera_caida,IMG_0369_datos_seg_1,150.7639437463457,1.5961082263924897,147.58822278303484,153.51121048124364,5.9229876982088,-0.005949034293492586,0.0017133608994506816,-0.0094971656799316,-0.0037202835083007,0.005776882171630901,0.06850521663824714,0.0028574601267948247,0.0635680556297302,0.0735754370689392,0.010007381439208998,79.85078063527567,0.8473735568236228,78.1093423274101,81.16718199598131,3.057839668571205,91.76756994268044,0.7492037514720942,90.6387344748477,93.20805885000829,2.5693243751605905
plank_cadera_caida,IMG_0369_datos_seg_2,150.83774053242152,1.5982903393510461,147.58822278303484,153.51121048124364,5.9229876982088,-0.006034729878107659,0.0017352582335765359,-0.0094971656799316,-0.0037202835083007,0.005776882171630901,0.06845125506321585,0.0028475493678585644,0.0635680556297302,0.0735754370689392,0.010007381439208998,79.83165318910669,0.8372092803165075,78.1093423274101,81.16718199598131,3.057839668571205,91.79343390451572,0.7480182195977305,90.6387344748477,93.20805885000829,2.5693243751605905
plank_cadera_caida,IMG_0369_datos_seg_3,151.4702039760582,1.600699023830186,147.58822278303484,153.51121048124364,5.9229876982088,-0.007078763842582654,0.00258826651363482,-0.0123101472854614,-0.0037202835083007,0.0085898637771607,0.06836294233798977,0.002774279788714247,0.0635680556297302,0.0735754370689392,0.010007381439208998,79.98351935227934,1.1081764512116976,78.1093423274101,83.17476528604817,5.065422958638067,92.16453788409578,1.054923539709559,90.6387344748477,94.3911472288271,3.7524127539793994
plank_cadera_caida,IMG_0370_datos_seg_1,133.60866603334574,3.8025228501049986,128.16505735844993,142.39955544336365,14.234498084913724,-0.0058696945508320735,0.005193062157928107,-0.0177798271179199,0.0017693042755126,0.0195491313934325,0.09409833401441571,0.0031907837323746856,0.0897825956344604,0.099418044090271,0.009635448455810602,81.16446850904097,4.25088604253684,74.49548482564217,90.92360454011468,16.428119714472516,104.69471497288212,4.609105519536329,97.95805485788176,115.94615346057272,17.988098602690954
plank_cadera_caida,IMG_0370_datos_seg_2,133.5257610155483,3.8525571987365117,128.16505735844993,142.39955544336365,14.234498084913724,-0.005774166186650557,0.00524545841810713,-0.0177798271179199,0.0017693042755126,0.0195491313934325,0.0942252546548843,0.0032648335391665235,0.0897825956344604,0.0998212397098541,0.010038644075393705,81.10651140683485,4.2726924368911465,74.49548482564217,90.92360454011468,16.428119714472516,104.61829033756652,4.644494162996862,97.95805485788176,115.94615346057272,17.988098602690954
plank_cadera_caida,IMG_0370_datos_seg_3,133.35481870428436,4.058850153784191,123.61784485892748,142.39955544336365,18.78171058443617,-0.005558050672213201,0.005474807161768055,-0.0177798271179199,0.0064108967781066,0.0241907238960265,0.09434901475906368,0.003350657061182315,0.0897825956344604,0.1002555191516876,0.0104729235172272,80.95629053026727,4.399222673557394,72.93349016409128,90.92360454011468,17.9901143760234,104.43524163640876,4.82005746368933,94.5721918186964,115.94615346057272,21.37396164187632
plank_cadera_caida,IMG_0371_datos_seg_1,137.69915291114677,1.1989193048129416,135.75804033957854,140.4049508571335,4.646910517554971,0.011072840293248443,0.002909737329250133,0.0065327286720275,0.0154741406440734,0.008941411972045898,0.08750712027152377,0.001662489403497517,0.0850380957126617,0.0913138687610626,0.006275773048400893,85.98796093703872,1.9077391789508897,83.57372921655451,89.88865791861791,6.314928702063398,95.94706338570239,1.8956595118478679,93.2251195341364,99.44878717452907,6.2236676403926765
plank_cadera_caida,IMG_0371_datos_seg_2,137.72692387383177,1.2000470576726026,135.75804033957854,140.4049508571335,4.646910517554971,0.011036914587020823,0.0028976857138324446,0.0065327286720275,0.0154741406440734,0.008941411972045898,0.08747865905364352,0.0016706233851024384,0.0850380957126617,0.0913138687610626,0.006275773048400893,86.02519853276128,1.888599641477508,83.57372921655451,89.88865791861791,6.314928702063398,95.95991469279599,1.8911220234239912,93.2251195341364,99.44878717452907,6.2236676403926765
plank_cadera_caida,IMG_0371_datos_seg_3,137.67593258122554,1.2000646127763799,135.75804033957854,140.4049508571335,4.646910517554971,0.011106877525647431,0.0029208889204140475,0.0065327286720275,0.0154741406440734,0.008941411972045898,0.08751811881860094,0.0016624375236217975,0.0850380957126617,0.0913138687610626,0.006275773048400893,85.95480650634487,1.9257280749345307,83.57372921655451,89.88865791861791,6.314928702063398,95.93722833723595,1.8988307300846816,93.2251195341364,99.44878717452907,6.2236676403926765
plank_codos_abiertos,IMG_0233_datos_seg_1,177.93403591017608,0.7057637075124202,176.3578656897444,179.3175715910085,2.959705901264101,-0.008799976110458322,0.0022218589425009702,-0.0116778016090393,-0.0031811594963073,0.008496642112732,0.016489030917485506,0.0025451336267838438,0.0092823505401611,0.0215048193931579,0.0122224688529968,78.57173404803075,4.915981207470962,69.1867140798883,86.1643055312203,16.97759145133199,97.90102469475092,0.688107935508277,96.22468577149613,99.120862777637,2.8961770061408743
plank_codos_abiertos,IMG_0233_datos_seg_2,177.97323239162583,0.7057794164205708,176.3578656897444,179.3175715910085,2.959705901264101,-0.008742183446884101,0.0022479682840986065,-0.0116778016090393,-0.0031811594963073,0.008496642112732,0.016289133826891535,0.0026145678596988862,0.0092823505401611,0.0203378796577453,0.011055529117584199,78.32215585173749,4.904091347011392,69.1867140798883,86.1269905662233,16.940276486334994,97.89504054035505,0.6872141856704257,96.22468577149613,99.120862777637,2.8961770061408743
plank_codos_abiertos,IMG_0233_datos_seg_3,177.7984751558855,0.7077509516754626,176.3578656897444,179.04413746182044,2.6862717720760543,-0.008951165278752593,0.00214592707605454,-0.0116778016090393,-0.0031811594963073,0.008496642112732,0.017137561241785632,0.0023089959558908165,0.0113016963005065,0.0224929451942443,0.011191248893737802,79.32976971188515,5.005203543467897,69.1867140798883,87.3450695840578,18.158355504169492,97.8811205211958,0.6881577876791104,96.22468577149613,99.120862777637,2.8961770061408743
plank_codos_abiertos,IMG_0356_datos_seg_1,178.238847216734,1.0339400314700786,176.62805794403312,179.972691235345,3.3446332913118795,-0.02770648896694178,0.0012345908175093242,-0.032200813293457,-0.0262008309364318,0.005999982357025195,0.01731656442085897,0.002044880752429531,0.0135568976402282,0.0199708044528961,0.0064139068126679005,114.54217838770698,0.6026914890003741,113.61160943553128,116.23743846165482,2.62582902612354,109.95340332249201,0.7459770960397006,108.92168068802818,112.56537266761052,3.643691979582343
plank_codos_abiertos,IMG_0356_datos_seg_2,178.23822283580802,1.034940078000685,176.5905950884757,179.972691235345,3.382096146869287,-0.02760824759801224,0.0010978489249497912,-0.0317151546478271,-0.0262008309364318,0.005514323711395298,0.017236281931400248,0.0020957722204585885,0.0135568976402282,0.0199708044528961,0.0064139068126679005,114.51091178526163,0.5604339663526946,113.61160943553128,116.02450483832706,2.412895402795783,109.91532293200503,0.6642194535145984,108.92168068802818,112.29200804545717,3.370327357428991
plank_codos_abiertos,IMG_0356_datos_seg_3,178.23240012816277,1.0447382598397792,176.33043507661435,179.972691235345,3.642256158730646,-0.027817568182945198,0.0013895672189011795,-0.032894492149353,-0.0262008309364318,0.006693661212921198,0.017396656175454404,0.001988460364776523,0.0136091411113739,0.0199708044528961,0.006361663341522201,114.58290517574865,0.651015123291546,113.61160943553128,116.51573052651054,2.9041210909792596,109.99675928265357,0.8337438139436223,108.92168068802818,112.84804840381716,3.9263677157889845
plank_codos_abiertos,IMG_0357_datos_seg_1,139.08683046355236,1.372741190779555,136.8605455308218,142.57296173090023,5.712416200078422,-0.09926173885663345,0.004613655006459342,-0.1045978665351867,-0.0916965007781982,0.012901365756988498,0.02897889415423071,0.0008803025412946245,0.0271914005279541,0.0301398038864135,0.0029484033584594,126.97679401586473,1.6277268964790959,123.8700066006599,130.08127737304085,6.211270772380942,156.51894957294473,1.3371101704829171,153.045945907178,158.8878243217565,5.8418784145785025
plank_codos_abiertos,IMG_0357_datos_seg_2,139.0799772195726,1.3791748409049824,136.8605455308218,142.57296173090023,5.712416200078422,-0.09924781421820317,0.004604419590941806,-0.1045978665351867,-0.0916965007781982,0.012901365756988498,0.02897514402866359,0.0008884876212915892,0.026966392993927,0.0301398038864135,0.003173410892486503,126.99255818083364,1.6176445748565562,123.8700066006599,130.08127737304085,6.211270772380942,156.52524443809037,1.332917683127774,153.045945907178,158.8878243217565,5.8418784145785025
plank_codos_abiertos,IMG_0357_datos_seg_3,139.06880226609525,1.3876505107196382,136.8605455308218,142.57296173090023,5.712416200078422,-0.09923416773478184,0.0045967821269950054,-0.1045978665351867,-0.0916965007781982,0.012901365756988498,0.028955365220705624,0.0009214370597810865,0.0268894433975219,0.0301398038864135,0.0032503604888916016,126.99973396558798,1.613887984761851,123.8700066006599,130.08127737304085,6.211270772380942,156.5224640823393,1.3345011674442464,153.045945907178,158.8878243217565,5.8418784145785025
plank_codos_abiertos,IMG_0358_datos_seg_1,162.73805961719583,1.115224769245455,160.01021957031924,164.64045466748536,4.630235097166121,-0.07789193193117772,0.0007267015691398901,-0.0795267224311828,-0.0769425630569458,0.002584159374237005,0.017268748084704036,0.002676949957773157,0.0111376047134399,0.0217394828796386,0.0106018781661987,107.25552780137635,3.1748354076484384,100.89447032278524,111.05645118644998,10.161980863664738,112.83605992601343,0.40490898627790434,112.35351807062423,114.14556620724407,1.7920481366198402
plank_codos_abiertos,IMG_0358_datos_seg_2,162.6846556636279,1.1171834034934782,160.01021957031924,164.64045466748536,4.630235097166121,-0.07791251838207239,0.0007596582772764537,-0.0796897411346435,-0.0769425630569458,0.0027471780776976984,0.017169088125228837,0.002618353973559303,0.0111376047134399,0.0213086009025573,0.0101709961891174,107.21282176708654,3.1638778264492906,100.89447032278524,111.05645118644998,10.161980863664738,112.8642675367656,0.4427001225807051,112.35351807062423,114.25472085249004,1.9012027818658055
plank_codos_abiertos,IMG_0358_datos_seg_3,162.7802708491211,1.1242193165218277,160.01021957031924,164.64045466748536,4.630235097166121,-0.07787422140439346,0.0006985896339025287,-0.0794323086738586,-0.0769425630569458,0.0024897456169128,0.01734708646933233,0.002737620059553805,0.0111376047134399,0.0217394828796386,0.0106018781661987,107.29946906937131,3.1866413232515636,100.89447032278524,111.05645118644998,10.161980863664738,112.80783794039091,0.36955866309259044,112.35351807062423,113.65196645105414,1.2984483804299032
plank_codos_abiertos,IMG_0359_datos_seg_1,135.67694818850876,5.446183542118547,127.09758393117797,150.17664590194596,23.079061970767995,-0.10760441720485685,0.0014337133774612442,-0.1104511022567749,-0.1049467921257019,0.005504310131072998,0.026061151425043696,0.006585148905017747,0.0169575214385986,0.0428472757339477,0.025889754295349097,142.18330962507588,1.0360237371750673,140.55295182298065,143.87199047691587,3.3190386539352232,173.5919991045051,1.1870475238462939,171.42773048825393,175.49680216981614,4.069071681562207
plank_codos_abiertos,IMG_0359_datos_seg_2,135.70203781325375,5.504470474345375,127.09758393117797,150.17664590194596,23.079061970767995,-0.10756611128648119,0.0014002031891518784,-0.1104511022567749,-0.1049467921257019,0.005504310131072998,0.026126918196678114,0.006736434048350917,0.0169575214385986,0.0431336760520935,0.026176154613494897,142.22550782370533,1.0443009700487076,140.55295182298065,143.87199047691587,3.3190386539352232,173.58328261117094,1.1854000378116267,171.42773048825393,175.49680216981614,4.069071681562207
plank_codos_abiertos,IMG_0359_datos_seg_3,135.74859366223004,5.627739864967465,127.09758393117797,151.65946033466568,24.561876403487716,-0.10763932665189105,0.0014748144430355968,-0.1104511022567749,-0.1049467921257019,0.005504310131072998,0.026114106178283643,0.006724232273278044,0.0169575214385986,0.044863224029541,0.0279057025909424,142.1406305258973,1.03337428687038,140.55295182298065,143.87199047691587,3.3190386539352232,173.59962865247445,1.1879025958370013,171.42773048825393,175.49680216981614,4.069071681562207
plank_codos_abiertos,IMG_0362_datos_seg_1,157.78607598675507,5.038357243941701,147.05179886742374,166.15404036062736,19.10224149320362,-0.11924449900786079,0.00643251838587047,-0.137150764465332,-0.1080178022384643,0.029132962226867704,0.027443892260392462,0.007874995138203255,0.0141347646713256,0.0515220761299133,0.0373873114585877,142.48404218445268,2.199904567884508,138.93362089269496,150.67042528408552,11.736804391390564,170.43419421713276,1.5876772242012793,168.0006781096347,176.22214354963043,8.22146543999574
plank_codos_abiertos,IMG_0362_datos_seg_2,157.8702277031054,5.0977871607629,147.05179886742374,166.15404036062736,19.10224149320362,-0.11915892163912452,0.006220933611688205,-0.1326258182525634,-0.1080178022384643,0.024608016014099093,0.02718410342931743,0.007751259474013273,0.0141347646713256,0.0515220761299133,0.0373873114585877,142.27110596157289,2.0036577685588486,137.8942519112995,150.0592430397571,12.164991128457586,170.43108182301202,1.5927036944663835,167.81393446238968,176.22214354963043,8.40820908724075
plank_codos_abiertos,IMG_0362_datos_seg_3,157.96109286542534,5.181067396771731,147.05179886742374,166.15404036062736,19.10224149320362,-0.11929192145665483,0.006474626968688749,-0.1351218223571777,-0.1080178022384643,0.027104020118713407,0.027039839327335315,0.007733721668340876,0.0141347646713256,0.0515220761299133,0.0373873114585877,142.05022938619237,1.8555553377674716,136.80664851692632,147.26309302045593,10.45644450352961,170.3923231305568,1.637135579580861,167.4284978082988,176.22214354963043,8.79364574133163
plank_correcto,IMG_0213_datos_seg_1,157.811364978559,0.42589842745125445,157.20325165405376,158.60292281950467,1.3996711654509113,-0.0039845079183577934,0.000941777674299589,-0.0053129196166992,-0.0023341178894042,0.0029788017272949995,-0.09230466981728869,0.0005573642710220239,-0.093322217464447,-0.0904407501220703,0.002881467342376695,90.99139762483041,0.3894771790102231,90.2862550264254,91.54123173585458,1.2549767094291866,116.6358528836115,0.3734676696807938,115.69376305265044,117.21075436489868,1.516991312248237
plank_correcto,IMG_0213_datos_seg_2,157.81461125866915,0.4327217503660584,157.20325165405376,158.79769962611337,1.594447972059612,-0.003992289304733222,0.0009297624472455704,-0.0053129196166992,-0.0025387406349182,0.002774178981781,-0.09227694471677142,0.0006369337277116259,-0.093322217464447,-0.0897738337516784,0.0035483837127685963,90.98354736753596,0.4017661843725648,90.14296983119932,91.54123173585458,1.3982619046552571,116.62304899985158,0.39944322859482695,115.47438946668348,117.21075436489868,1.7363648982152
plank_correcto,IMG_0213_datos_seg_3,157.81867226795342,0.4406999123816874,157.20325165405376,158.89729056710215,1.694038913048388,-0.00395919283231094,0.0009793957296234848,-0.0053129196166992,-0.001808762550354,0.0035041570663451997,-0.09231307605902352,0.0005320024134741323,-0.093322217464447,-0.0909451246261596,0.002377092838287395,90.99122899957605,0.3897395376193175,90.2862550264254,91.54123173585458,1.2549767094291866,116.64121263163278,0.3618450236332918,115.82883101399172,117.21075436489868,1.381923350906959
plank_correcto,IMG_0214_datos_seg_1,158.30142088745544,0.7887591030733939,157.4539290868633,160.21493349204357,2.761004405180273,-0.01713753143946325,0.001059382383816022,-0.0194380283355712,-0.0155621170997619,0.0038759112358092984,-0.04575984080632523,0.0018816361118900878,-0.0478127598762512,-0.041249930858612,0.006562829017639202,98.44894086712836,0.6948808537992336,97.55305367230729,99.58095558894848,2.0279019166411985,108.99542611581502,0.5440305383036247,108.32243690053951,110.27469394686648,1.952257046326963
plank_correcto,IMG_0214_datos_seg_2,158.30864641245412,0.7971949875972975,157.4539290868633,160.21493349204357,2.761004405180273,-0.017161788543065343,0.0010816703884498106,-0.0194380283355712,-0.0155621170997619,0.0038759112358092984,-0.045736923813819844,0.001915790425590711,-0.0478127598762512,-0.041249930858612,0.006562829017639202,98.45327764869675,0.7005339313711098,97.55305367230729,99.58095558894848,2.0279019166411985,109.00649768014428,0.5626934033340776,108.32243690053951,110.27469394686648,1.952257046326963
plank_correcto,IMG_0214_datos_seg_3,159.94038072756368,0.8001449581199346,158.80321867622376,161.74959506695288,2.946376390729114,-0.015929556886355035,0.0025792524587486183,-0.0204644799232482,-0.0117267966270446,0.008737683296203601,-0.04189707338809963,0.0030582436430487935,-0.044856309890747,-0.0339646935462951,0.010891616344451904,98.55368449981249,0.7805057207005007,97.46015534133414,100.03836518331524,2.578209841981092,108.92299798990076,0.8669203640449691,107.82278740968268,110.73714947423072,2.914362064548044
plank_correcto,IMG_0227_datos_seg_1,167.65997873206655,0.43699123600118944,167.02234069886993,168.5349708994953,1.512630200625381,0.014339517553647312,0.0006430282825761938,0.0132412314414978,0.0155966877937316,0.0023554563522338,-0.08357682426770524,0.0015922785731957482,-0.0852077603340148,-0.080460250377655,0.004747509956359794,77.94593848453636,0.39521552632198514,77.28487545818726,78.5959343311158,1.311058872928541,106.40788902568367,0.35645236853319395,105.75283697250438,106.95889884094552,1.2060618684411395
plank_correcto,IMG_0227_datos_seg_2,167.6784010856282,0.43930986761322116,167.02234069886993,168.5349708994953,1.512630200625381,0.014369765917460075,0.0006575392584981989,0.0132412314414978,0.0155966877937316,0.0023554563522338,-0.08354083697001134,0.0015823696757844698,-0.0852077603340148,-0.080460250377655,0.004747509956359794,77.9387085175444,0.40309764946018567,77.28487545818726,78.5959343311158,1.311058872928541,106.3925082972287,0.36298919198021223,105.75283697250438,106.95889884094552,1.2060618684411395
plank_correcto,IMG_0227_datos_seg_3,167.63776312464083,0.44291213639777965,166.86710111172235,168.5349708994953,1.6678697877729576,0.014309378465016636,0.0006299220650525785,0.0132412314414978,0.0155966877937316,0.0023554563522338,-0.0836293945709864,0.001633142166788547,-0.0864129066467285,-0.080460250377655,0.0059526562690735,77.95264457954464,0.3887696458100578,77.28487545818726,78.5959343311158,1.311058872928541,106.42382215419441,0.3495768166462463,105.75283697250438,106.95889884094552,1.2060618684411395
plank_correcto,IMG_0229_datos_seg_1,178.82198757639762,1.0088772639949015,175.1364444900063,179.989178514628,4.852734024621697,0.0035543918609618765,0.0023309579408946663,-0.0031302571296691,0.0068856477737426,0.0100159049034117,-0.003911867737770027,0.0028625066525029817,-0.0125204920768737,-0.0003256797790527,0.012194812297821,82.13373151273244,1.1405846794469239,80.62668061836689,84.80311718969728,4.176436571330385,99.89375564985282,1.1504506851386997,97.89039125028394,102.5837926074015,4.6934013571175655
plank_correcto,IMG_0229_datos_seg_2,178.81515344471558,1.0322382854387944,175.1364444900063,179.989178514628,4.852734024621697,0.003522523244221966,0.0024072755623820957,-0.0031302571296691,0.0068856477737426,0.0100159049034117,-0.00389658709367111,0.0028178723192694285,-0.0116269588470458,-0.0003256797790527,0.0113012790679931,82.12793492841966,1.1275984554788108,80.62668061836689,84.57114192949939,3.9444613111324998,99.88097976146551,1.124023999179844,97.89039125028394,101.94531475590668,4.054923505622739
plank_correcto,IMG_0229_datos_seg_3,178.77629414672455,1.1213873040838567,175.1364444900063,179.989178514628,4.852734024621697,0.0034381747245788214,0.0025440417101548255,-0.0031302571296691,0.0068856477737426,0.0100159049034117,-0.003928867975870717,0.0028946411955996097,-0.0116269588470458,-0.0003256797790527,0.0113012790679931,82.14516534343798,1.1517570225624485,80.62668061836689,84.57114192949939,3.9444613111324998,99.87721185844306,1.1190931107771096,97.89039125028394,101.94531475590668,4.054923505622739
plank_correcto,IMG_0349_datos_seg_1,130.73532388949369,0.9522560838643375,129.4105320766403,132.56935007336148,3.158817996721183,-0.09338026046752926,0.0016761608725269406,-0.0956102013587951,-0.0899856686592102,0.0056245326995848915,-0.007075784107049257,0.0012097801215608878,-0.0087385177612304,-0.0041498839855194,0.004588633775711,125.57202194157144,1.2102013776247404,122.89707143932876,127.0735167634489,4.176445324120138,151.39579670850858,1.4160511305651189,148.5014518300772,153.29321831777858,4.791766487701381
plank_correcto,IMG_0349_datos_seg_2,130.69713491193517,0.9570409064065901,129.4105320766403,132.56935007336148,3.158817996721183,-0.09338946789503093,0.0016782929106286077,-0.0956102013587951,-0.0899856686592102,0.0056245326995848915,-0.007139806946118625,0.0011959888859161035,-0.0087736845016479,-0.0041498839855194,0.004623800516128501,125.59724502134357,1.2092847039877574,122.89707143932876,127.0735167634489,4.176445324120138,151.41275727723092,1.416662035943387,148.5014518300772,153.29321831777858,4.791766487701381
plank_correcto,IMG_0349_datos_seg_3,130.78179969860383,0.9606725084569036,129.4105320766403,132.56935007336148,3.158817996721183,-0.09334699561198549,0.0016848052742071539,-0.0956102013587951,-0.0899856686592102,0.0056245326995848915,-0.00701321562131241,0.0012193690221600846,-0.0087250769138336,-0.0041498839855194,0.004575192928314201,125.53712413871745,1.2215196652526583,122.89707143932876,127.0735167634489,4.176445324120138,151.36630874185795,1.4238330977659837,148.5014518300772,153.29321831777858,4.791766487701381
plank_correcto,IMG_0351_datos_seg_1,165.53421494732487,1.4226868852240768,161.42714050222762,167.31549079290065,5.888350290673031,-0.04953883091608679,0.0027348519560013132,-0.0519296526908874,-0.0434104800224304,0.008519172668457003,0.00331232051054633,0.0030906155772167606,-0.0040262937545776,0.0078873038291931,0.0119135975837707,102.81662067590102,0.7576899304682254,101.2199658107715,103.96384107110902,2.743875260337518,112.77693311490643,0.7966116100799647,111.03015214661536,113.7030556859254,2.6729035393100418
plank_correcto,IMG_0351_datos_seg_2,165.5404965897046,1.4275820745556307,161.42714050222762,167.31549079290065,5.888350290673031,-0.04962931374708807,0.002650687316167185,-0.0519296526908874,-0.0434104800224304,0.008519172668457003,0.003370463848113977,0.003100071908740544,-0.0040262937545776,0.0078873038291931,0.0119135975837707,102.83685452501558,0.737757299984478,101.2199658107715,103.96384107110902,2.743875260337518,112.79580462302094,0.7713073101387258,111.03015214661536,113.7030556859254,2.6729035393100418
plank_correcto,IMG_0351_datos_seg_3,165.54298402747918,1.4296670915603433,161.42714050222762,167.31549079290065,5.888350290673031,-0.049729314446449235,0.0025424735147567988,-0.0519296526908874,-0.0434104800224304,0.008519172668457003,0.0034266054630279165,0.0031089748798820635,-0.0040262937545776,0.0078873038291931,0.0119135975837707,102.86056283740935,0.7116078763056871,101.2199658107715,103.96384107110902,2.743875260337518,112.81670040150016,0.7411951335156542,111.03015214661536,113.7030556859254,2.6729035393100418
plank_pelvis_levantada,IMG_0221_datos_seg_1,128.16121039967584,0.511247954329872,126.62692850015824,129.30059014966275,2.67366164950451,-0.05749722421169277,0.001384692153195967,-0.0619832277297973,-0.0550230741500854,0.0069601535797119,-0.14593861003716782,0.0008965186586265397,-0.148417055606842,-0.1432887315750122,0.005128324031829806,115.33979648819539,0.4997754048515485,114.5479533131072,116.5900193397026,2.0420660265953927,138.67938089854866,0.681184346551896,137.2363442333619,140.58770915800386,3.351364924641956
plank_pelvis_levantada,IMG_0221_datos_seg_2,128.21308446836932,0.511371534123385,126.62692850015824,129.74456728841255,3.117638788254311,-0.057368349035580905,0.0013183452711211512,-0.0619438886642456,-0.0542507171630859,0.007693171501159696,-0.14585657815138492,0.0009547621190942072,-0.148417055606842,-0.1427903771400451,0.005626678466796903,115.29801410173306,0.5113271267074374,113.92799170781352,116.5900193397026,2.6620276318890745,138.61356383134589,0.6844461330784057,136.6386851258363,140.5625152779978,3.923830152161486
plank_pelvis_levantada,IMG_0221_datos_seg_3,128.26894875491323,0.5181962009256055,126.7465366483551,129.97878569279402,3.232249044438916,-0.057232839862505554,0.001256473376469917,-0.0612677335739135,-0.0538133382797241,0.007454395294189398,-0.14576498270034785,0.0010062807099764347,-0.148417055606842,-0.1425206065177917,0.005896449089050321,115.25041325968236,0.5218428900018809,113.73396881666102,116.35476195525057,2.6207931385895478,138.5450185328011,0.6918544244967401,136.44979736531118,140.2128941904801,3.7630968251689296
plank_pelvis_levantada,IMG_0222_datos_seg_1,83.95245808488984,7.194453193546407,64.18737068075477,93.90033889819888,29.712968217444114,-0.11793692211310064,0.00290033960110628,-0.1238070428371429,-0.1123069524765014,0.011500090360641507,-0.1623417834440867,0.011852773871611494,-0.1967427134513855,-0.1411759555339813,0.0555667579174042,135.56896055834702,0.8723875633502521,133.95653714737557,137.66865724139237,3.7121200940167967,144.22085677976108,0.8737483832104166,142.04587911778154,145.63720390985188,3.5913247920703384
plank_pelvis_levantada,IMG_0222_datos_seg_2,83.99276704729095,7.2259971429564605,64.18737068075477,93.90033889819888,29.712968217444114,-0.11788786550362901,0.002824012188159204,-0.1238070428371429,-0.1123069524765014,0.011500090360641507,-0.1622169256210327,0.011971196688367195,-0.1967427134513855,-0.1411759555339813,0.0555667579174042,135.5997912118387,0.9172198222274346,133.95653714737557,137.7887840880991,3.832246940723536,144.23134266057707,0.8877011596086982,142.04587911778154,145.69305873916278,3.647179621381241
plank_pelvis_levantada,IMG_0222_datos_seg_3,83.80644043966883,7.23309810867157,64.18737068075477,93.90033889819888,29.712968217444114,-0.11782866964737569,0.002733765578017963,-0.1238070428371429,-0.1123069524765014,0.011500090360641507,-0.16245556126038233,0.011957501799318494,-0.1967427134513855,-0.1411759555339813,0.0555667579174042,135.6376834554628,0.9680962141346957,133.95653714737557,138.0000791764801,4.043542029104543,144.24743315928717,0.9080701699781893,142.04587911778154,145.83979507998532,3.7939159622037835
plank_pelvis_levantada,IMG_0236_datos_seg_1,99.99550838902036,0.970490353643759,98.476787484374,101.34532906682344,2.8685415824494385,-0.13228672047456103,0.002757017612540334,-0.137440949678421,-0.1269353330135345,0.010505616664886502,-0.19701552490393318,0.003910994208805938,-0.2029634416103363,-0.1901594698429107,0.012803971767425593,131.4809216436809,1.0508454408418333,130.18648685149444,133.6064854859712,3.4199986344767694,156.05356388681994,0.7280694310718226,154.25086765280736,157.49050854434913,3.239640891541768
plank_pelvis_levantada,IMG_0236_datos_seg_2,100.00433858623342,0.9802653360821877,98.476787484374,101.34532906682344,2.8685415824494385,-0.13236659020185468,0.002667317040866786,-0.137440949678421,-0.128392606973648,0.009048342704773005,-0.1967883204420407,0.003955324434574862,-0.2028234004974365,-0.1893311738967895,0.013492226600647,131.46083433437215,1.0524521034339789,130.18648685149444,133.6064854859712,3.4199986344767694,156.08932143548154,0.6897072946768272,154.97646561822168,157.49050854434913,2.514042926127445
plank_pelvis_levantada,IMG_0236_datos_seg_3,100.03918106726269,0.9976077994320429,98.476787484374,101.5510627313102,3.074275246936196,-0.13234319736560182,0.002669629916325427,-0.137440949678421,-0.128392606973648,0.009048342704773005,-0.19654707461595533,0.004021857123995447,-0.2022241055965423,-0.188348650932312,0.013875454664230291,131.42188117673987,1.0353874263846587,130.18648685149444,133.6064854859712,3.4199986344767694,156.09296197116706,0.6909375011073278,154.97646561822168,157.49050854434913,2.514042926127445
plank_pelvis_levantada,IMG_0237_datos_seg_1,88.69112678985032,1.3665996785692307,86.60778386123982,91.60286991600726,4.995086054767441,-0.15094105203946429,0.003365179905979747,-0.1554656028747558,-0.1414420902729034,0.014023512601852417,-0.18378112316131592,0.004345170135520809,-0.1926227211952209,-0.176087200641632,0.016535520553588895,138.29201768701083,1.0860208699328382,135.84223773664257,139.67649518069933,3.8342574440567603,150.28556692914557,1.7681810598574437,145.3748057549513,152.6591934153477,7.284387660396391
plank_pelvis_levantada,IMG_0237_datos_seg_2,88.59170231162777,1.3681731256375866,85.63740122265467,91.42240929655073,5.785008073896051,-0.15110620657602947,0.003125735793849874,-0.1554656028747558,-0.1421776115894317,0.013287991285324097,-0.18400317827860516,0.004577118453289537,-0.1951360404491424,-0.176087200641632,0.019048839807510404,138.34253557386765,1.039641358487674,135.91841977457122,139.67649518069933,3.758075406128114,150.39683008519177,1.68066500565066,145.3748057549513,152.6591934153477,7.284387660396391
plank_pelvis_levantada,IMG_0237_datos_seg_3,88.51463658507758,1.371467287163819,85.63740122265467,91.42240929655073,5.785008073896051,-0.1512506792942683,0.002898096397866968,-0.1554656028747558,-0.1426813006401062,0.012784302234649603,-0.18411472241083782,0.0046466729879323185,-0.1951360404491424,-0.176087200641632,0.019048839807510404,138.38292161432315,0.9897457015212414,135.97828387224305,139.67649518069933,3.6982113084562798,150.50908139281043,1.56217949863446,145.3748057549513,152.6591934153477,7.284387660396391
plank_pelvis_levantada,IMG_0373_datos_seg_1,62.43671978132813,1.1411072115338974,60.48553257657353,65.18219901356493,4.696666436991393,-0.18723657031853988,0.0017030442072379591,-0.1895598471164703,-0.1839922368526458,0.005567610263824518,-0.11420707702636716,0.002745625881667541,-0.1200670003890991,-0.1102262735366821,0.009840726852416992,165.30371904239854,0.34206904874463173,164.7134889921892,165.8404153893304,1.126926397141176,168.4697538051579,0.26377882872971714,167.92698815655552,168.7589408679638,0.8319527114082632
plank_pelvis_levantada,IMG_0373_datos_seg_2,62.49609373235601,1.1512387009965728,60.48553257657353,65.18219901356493,4.696666436991393,-0.18731720745563502,0.0016842005327332645,-0.1895598471164703,-0.1839922368526458,0.005567610263824518,-0.11423672835032142,0.0028079485559786353,-0.1208505630493164,-0.1102262735366821,0.010624289512634305,165.30977555672544,0.33526526871812845,164.7134889921892,165.8404153893304,1.126926397141176,168.47149123281784,0.2618388955762954,167.92698815655552,168.7589408679638,0.8319527114082632
plank_pelvis_levantada,IMG_0373_datos_seg_3,62.5411284115611,1.1718063840584214,60.48553257657353,65.18219901356493,4.696666436991393,-0.18739597896734866,0.001661264956958338,-0.1895598471164703,-0.1839922368526458,0.005567610263824518,-0.11430669774611786,0.0029163808794435177,-0.1208505630493164,-0.1102262735366821,0.010624289512634305,165.31586621355103,0.32786258663217716,164.7134889921892,165.8404153893304,1.126926397141176,168.47332510423547,0.259642571398221,167.92698815655552,168.7589408679638,0.8319527114082632
plank_pelvis_levantada,IMG_0375_datos_seg_1,44.84592972686634,0.5014685914744403,43.72002292781431,45.57942760625283,1.8594046784385156,-0.24260461727778118,0.0030070804840532732,-0.2459127604961395,-0.2366466224193573,0.009266138076782199,-0.12501979867617286,0.0008396543045700479,-0.1271778345108032,-0.1236838400363922,0.003493994474410997,161.26618140299962,0.7531944805830401,160.3488809271259,162.63091102198456,2.282030094858669,174.86395460685168,0.42160150650238254,173.9618397764744,175.46247051912107,1.5006307426466776
plank_pelvis_levantada,IMG_0375_datos_seg_2,44.847068071820296,0.5032362759172209,43.72002292781431,45.647728303489735,1.9277053756754228,-0.24271529962619146,0.0029401481031974693,-0.2459127604961395,-0.2366466224193573,0.009266138076782199,-0.12499490926663076,0.0008632951815068326,-0.1271778345108032,-0.1234653890132904,0.0037124454975127896,161.26414770474688,0.7535678208584767,160.3488809271259,162.63091102198456,2.282030094858669,174.8520656422427,0.41443455299574966,173.9618397764744,175.3902156611171,1.428375884642719
plank_pelvis_levantada,IMG_0375_datos_seg_3,44.84751819682443,0.5037662026032509,43.72002292781431,45.60926242490615,1.889239497091836,-0.24249945282936097,0.003063103013609776,-0.2459127604961395,-0.2366466224193573,0.009266138076782199,-0.12503772278626757,0.0008283296227616484,-0.1271778345108032,-0.1236838400363922,0.003493994474410997,161.2676473393572,0.7528188091860113,160.3488809271259,162.63091102198456,2.282030094858669,174.8768784970699,0.42985977514476603,173.9618397764744,175.52563795790388,1.5637981814294903
plank_pelvis_levantada,IMG_0377_datos_seg_1,24.783928291194538,0.2541457767972274,24.256729648880977,25.24110859495145,0.9843789460704713,-0.19212690889835357,0.0013081671976459066,-0.1955402195453643,-0.1900465488433838,0.0054936707019805076,-0.11353860894838963,0.001102455299432233,-0.1169904172420501,-0.1121794879436492,0.004810929298400907,170.6611359306497,0.2454069087449579,170.21095759492505,171.0211837352036,0.8102261402785587,176.85103212966382,0.2714497818100216,176.40536590379466,177.2788850502713,0.8735191464766388
plank_pelvis_levantada,IMG_0377_datos_seg_2,24.782659451852812,0.25699651636347265,24.18059928837738,25.24110859495145,1.060509306574069,-0.19210415283838908,0.0012587262249281448,-0.194401353597641,-0.1900465488433838,0.004354804754257202,-0.11346993048985793,0.0010080901171676156,-0.1169473826885223,-0.1121794879436492,0.004767894744873102,170.66687843943353,0.2484026369639042,170.21095759492505,171.0211837352036,0.8102261402785587,176.84747471919735,0.2750908577919717,176.40536590379466,177.2788850502713,0.8735191464766388
plank_pelvis_levantada,IMG_0377_datos_seg_3,24.777596139524654,0.26744198843259465,24.096293273964022,25.24110859495145,1.1448153209874263,-0.1921006351709366,0.0012524770044461256,-0.1941902935504913,-0.1900465488433838,0.004143744707107516,-0.11340273420015964,0.0009010556662702657,-0.1160441935062408,-0.1121794879436492,0.0038647055625916082,170.67491432047575,0.25239364291233024,170.21095759492505,171.03425993647514,0.8233023415500895,176.841148082598,0.28077277392433053,176.40536590379466,177.2788850502713,0.8735191464766388
plank_pelvis_levantada,IMG_0380_datos_seg_1,81.30524250641024,0.7997553420088457,79.9896328703079,83.02978159168576,3.040148721377861,-0.16569452037413915,0.0029602068392774075,-0.1700703799724578,-0.1610012352466583,0.009069144725799505,-0.15299083044131598,0.0021217732621847925,-0.1561987698078155,-0.1495696306228637,0.00662913918495181,142.62865805397632,0.8562157871839804,141.2198178794231,143.76401284683791,2.5441949674148248,146.20124321537102,0.8378988532631467,144.84342961893688,147.2575261022187,2.41409648328181
plank_pelvis_levantada,IMG_0380_datos_seg_2,81.30916807492329,0.7998100901751106,79.9896328703079,83.02978159168576,3.040148721377861,-0.16555277307828267,0.0029507293638954967,-0.1696208417415619,-0.1610012352466583,0.008619606494903592,-0.15301812986532845,0.0021381583150508194,-0.1561987698078155,-0.1495696306228637,0.00662913918495181,142.58912543824368,0.8576634369243982,141.2198178794231,143.70082090286306,2.4810030234399676,146.16251338845248,0.8419432185174656,144.84342961893688,147.1940488907848,2.3506192718479326
plank_pelvis_levantada,IMG_0380_datos_seg_3,81.30026406844534,0.8013548927530488,79.9896328703079,83.02978159168576,3.040148721377861,-0.1658349672953288,0.002975732749785187,-0.1703007817268371,-0.1610012352466583,0.009299546480178805,-0.1529891093571981,0.002119694725391265,-0.1561987698078155,-0.1495696306228637,0.00662913918495181,142.67020585805807,0.8547738602444713,141.2198178794231,143.86667075252748,2.646852873104393,146.24126087512917,0.8333200865854863,144.84342961893688,147.3277660174987,2.4843363985618225
plank_pelvis_levantada,IMG_0382_datos_seg_1,77.23975292024001,1.092911680794244,75.01674801257319,79.34136463444196,4.3246166218687705,-0.1489490459362665,0.004116694047285759,-0.1556291580200195,-0.1410316526889801,0.014597505331039401,-0.1123259196678797,0.003678386693965504,-0.123118370771408,-0.1087174415588378,0.014400929212570204,142.6222967443788,0.7842678122095713,141.18808052936782,143.86309731519017,2.6750167858223506,146.75083013507285,0.9831901074913837,144.82994088741856,148.05494814302247,3.225007255603913
plank_pelvis_levantada,IMG_0382_datos_seg_2,77.24203543082163,1.0930290523267172,75.01674801257319,79.34136463444196,4.3246166218687705,-0.14871396720409388,0.004138970945226075,-0.1556291580200195,-0.1410316526889801,0.014597505331039401,-0.11250405559937156,0.0038280234045554294,-0.123118370771408,-0.1087174415588378,0.014400929212570204,142.5804365288194,0.787575873847858,141.18808052936782,143.86309731519017,2.6750167858223506,146.7020902840075,0.9944285141219869,144.82994088741856,148.05494814302247,3.225007255603913
plank_pelvis_levantada,IMG_0382_datos_seg_3,77.22338238440047,1.093528160195182,75.01674801257319,79.34136463444196,4.3246166218687705,-0.14848497609297429,0.004154321663848875,-0.1556291580200195,-0.1410316526889801,0.014597505331039401,-0.11267279187838233,0.003956382108624754,-0.123118370771408,-0.1087174415588378,0.014400929212570204,142.54098354787138,0.789691920047218,141.18808052936782,143.86309731519017,2.6750167858223506,146.6563330953246,1.0030270886060686,144.82994088741856,148.05494814302247,3.225007255603913
plank_pelvis_levantada,IMG_0384_datos_seg_1,29.450394560878912,0.4180527568196683,28.47362515729785,30.1331036334079,1.6594784761100492,-0.1829742193222046,0.0022494324672602726,-0.1879443824291229,-0.179867684841156,0.008076697587966891,-0.10341222087542214,0.0027494298242842622,-0.1121928989887237,-0.099913477897644,0.012279421091079698,161.64780582776763,0.5076587563722245,160.9128589522159,162.59241079449168,1.679551842275771,176.1730125385742,0.5735719345325767,175.39157949594718,177.1162744672767,1.7246949713295123
plank_pelvis_levantada,IMG_0384_datos_seg_2,29.449630410212986,0.4195892656260539,28.47362515729785,30.1331036334079,1.6594784761100492,-0.18288858830928803,0.0021527376344238876,-0.1874668300151825,-0.179867684841156,0.007599145174026489,-0.10334306259949999,0.0025712328363572718,-0.1112827360630035,-0.099913477897644,0.011369258165359497,161.62207638393966,0.5010657754851978,160.9128589522159,162.59241079449168,1.679551842275771,176.15226249760613,0.5647640070219077,175.39157949594718,177.1162744672767,1.7246949713295123
plank_pelvis_levantada,IMG_0384_datos_seg_3,29.426420871666565,0.4418683418741974,28.33516946545216,30.1331036334079,1.797934167955738,-0.1828138013680776,0.0020672379153386,-0.1872338652610778,-0.179867684841156,0.007366180419921792,-0.10329430699348446,0.0024426492805240774,-0.1085175275802612,-0.099913477897644,0.008604049682617201,161.59613105934164,0.4925636775270391,160.9128589522159,162.59241079449168,1.679551842275771,176.13338895231328,0.5553389034513151,175.39157949594718,177.1162744672767,1.7246949713295123
