body_angle_mean,body_angle_std,body_angle_min,body_angle_max,body_angle_range,hip_shoulder_vertical_diff_mean,hip_shoulder_vertical_diff_std,hip_shoulder_vertical_diff_min,hip_shoulder_vertical_diff_max,hip_shoulder_vertical_diff_range,hip_ankle_vertical_diff_mean,hip_ankle_vertical_diff_std,hip_ankle_vertical_diff_min,hip_ankle_vertical_diff_max,hip_ankle_vertical_diff_range,shoulder_elbow_angle_mean,shoulder_elbow_angle_std,shoulder_elbow_angle_min,shoulder_elbow_angle_max,shoulder_elbow_angle_range,wrist_shoulder_hip_angle_mean,wrist_shoulder_hip_angle_std,wrist_shoulder_hip_angle_min,wrist_shoulder_hip_angle_max,wrist_shoulder_hip_angle_range,shoulder_wrist_vertical_diff_mean,shoulder_wrist_vertical_diff_std,shoulder_wrist_vertical_diff_min,shoulder_wrist_vertical_diff_max,shoulder_wrist_vertical_diff_range,class,source_file
157.24747205316302,7.241475084681366,139.45363162136798,164.07719212893423,24.623560507566253,0.0444562397897243,0.04716899643387876,0.0006826519966125,0.1597245335578918,0.1590418815612793,0.0624980010092258,0.017545247644928208,0.0223523676395416,0.0808923840522766,0.058540016412735,41.01935406025801,18.70665389026634,0.2422867717161408,65.78909183281701,65.54680506110087,48.70536083758625,13.428374284426337,22.99882915084965,68.04814589245387,45.04931674160422,-0.10556560456752773,0.07760767761892882,-0.2920323014259338,-0.0328301191329956,0.2592021822929382,pushup_cadera_caida,IMG_0418_datos_rep_1.csv
155.40266784017552,8.565495334864668,142.22369456922843,165.3129395728166,23.08924500358816,0.06511283218860624,0.068756990558595,-0.0091500282287597,0.1974413990974426,0.2065914273262023,0.05200049579143521,0.02884609128924507,-0.0120777785778045,0.0828427076339721,0.0949204862117766,40.5741735818717,17.64128562908257,2.6380452188688714,67.4083633574457,64.77031813857683,47.03677174018321,6.713084976573026,36.0385013632352,66.87739874544337,30.838897382208174,-0.1500295847654342,0.11251207188068524,-0.3724348843097687,-0.055633544921875,0.3168013393878937,pushup_cadera_caida,IMG_0418_datos_rep_2.csv
150.40775964775952,17.039073570637573,122.01778191667022,168.84945211866167,46.83167020199146,0.07429380416870116,0.09023514725887304,-0.0190448760986328,0.2376473546028137,0.2566922307014465,0.06820550411939616,0.01045916406613999,0.0315964519977569,0.0808517634868621,0.0492553114891052,36.14810325927005,18.011008468329898,0.3432066822966709,66.58350827102157,66.2403015887249,41.321800722326046,8.180003114982581,19.980053274387608,52.426960292678615,32.44690701829101,-0.1442392006516456,0.10974118580013499,-0.363695740699768,-0.0283659696578979,0.3353297710418701,pushup_cadera_caida,IMG_0418_datos_rep_3.csv
168.89003974671792,12.69788708456547,126.828068511629,179.50960523420434,52.681536722575345,-0.09580688178539273,0.05320915704689328,-0.1440010666847229,0.0341342687606811,0.178135335445404,0.1268039189279079,0.019511711601605364,0.0908240377902984,0.1472944319248199,0.056470394134521484,27.76390915001185,8.31074400071795,12.14776084539146,41.66136596241284,29.513605117021378,89.81960559998167,8.24379099022442,64.90503613977009,102.90397834724662,37.99894220747653,-0.1535416260361671,0.0680530882590937,-0.2896785140037536,-0.0808573961257934,0.2088211178779602,pushup_cadera_caida,IMG_0419_datos_rep_1.csv
163.65553345055508,18.428613750411014,111.99058045821808,179.74821621117792,67.75763575295984,-0.08210187703371045,0.07173897555832126,-0.174059510231018,0.0704004168510437,0.2444599270820617,0.13375386297702785,0.02086828551354057,0.0878811478614807,0.1651315987110138,0.0772504508495331,26.193825847005407,7.483434712366028,12.52581747640263,39.0865863190241,26.56076884262147,84.02600130562266,10.823846582263196,52.82883552476624,95.8766557393689,43.04782021460266,-0.1665703028440475,0.08000067085457946,-0.3391342461109161,-0.0707266926765441,0.26840755343437195,pushup_cadera_caida,IMG_0419_datos_rep_2.csv
165.55800759597156,16.228619550226536,125.272559680661,179.7911585959262,54.51859891526519,-0.08809862434864042,0.06880967009397038,-0.1639273166656494,0.0678532123565673,0.23178052902221669,0.12767835482954976,0.01688441295677794,0.0852911472320556,0.1502361893653869,0.06494504213333131,19.728354131461618,6.235422643063288,10.07759853808415,39.74173619936119,29.664137661277042,84.94300942940257,8.90889827548928,57.76019409118492,96.94515512194852,39.184961030763596,-0.15963655859231946,0.08420319186625436,-0.359784185886383,-0.0725322961807251,0.2872518897056579,pushup_cadera_caida,IMG_0419_datos_rep_3.csv
140.4791752540844,3.8092029152908906,128.73070330488886,145.6342357216951,16.90353241680623,0.06662748828530307,0.025946051431525827,0.0378798246383667,0.1203073859214782,0.0824275612831115,0.09985065832734104,0.014205845421805674,0.0626583397388458,0.1161077320575714,0.0534493923187256,41.24329889048206,18.176975694450807,7.472391292800039,71.93741775606799,64.46502646326795,43.78458840153969,7.345411353592752,31.895834427688847,54.24181491958979,22.345980491900946,-0.11802929565310474,0.04881363449871454,-0.2333845496177673,-0.0652682781219482,0.1681162714958191,pushup_cadera_caida,IMG_0420_datos_rep_1.csv
137.973889355866,5.040931657884751,126.81234185127371,143.86955345472066,17.057211603446945,0.07057300955057141,0.030358117356330986,0.0373234748840332,0.1409264206886291,0.10360294580459589,0.10392773225903507,0.010745594165266478,0.0712724030017852,0.1134204268455505,0.0421480238437653,46.20366628795828,15.383945923647756,5.304316712236081,66.06011931540615,60.755802603170075,46.706636266379505,5.355754507182091,37.99772348688311,58.278714366029696,20.280990879146586,-0.11276205182075497,0.048448566366958185,-0.2298911213874817,-0.0644276738166809,0.16546344757080078,pushup_cadera_caida,IMG_0420_datos_rep_2.csv
139.8507599606931,5.326717744342117,125.98437279274005,146.04989344190108,20.06552064916103,0.06374097615480419,0.03512360600988787,0.0319441556930542,0.1623691320419311,0.1304249763488769,0.10507309809327121,0.013777169968233784,0.0638933181762695,0.1181247234344482,0.0542314052581787,44.56647036071736,16.89758354504867,2.012278556913524,67.94117552590097,65.92889696898744,44.82229293564771,10.205347413126107,30.70103811066359,66.63168030925023,35.93064219858664,-0.11152576357126232,0.0514559384436037,-0.2507917881011963,-0.0628597140312194,0.1879320740699769,pushup_cadera_caida,IMG_0420_datos_rep_3.csv
137.5497692604152,14.92878198632671,104.22063047085857,153.06506964383527,48.844439172976706,0.027880936115980137,0.05746184525333878,-0.0316463708877563,0.165950208902359,0.1975965797901153,0.13569149374961847,0.006952715495630931,0.11658376455307,0.1435030400753021,0.026919275522232097,8.21829215693001,2.6426548350774737,0.1462365746115234,10.955948090713877,10.809711516102354,51.22248474282817,5.918434918520888,35.97556239546829,57.19115461199245,21.215592216524165,-0.19445206150412556,0.06395119424586893,-0.3493621051311493,-0.1301842927932739,0.2191778123378754,pushup_cadera_caida,IMG_0421_datos_rep_1.csv
137.61893848082815,18.067219088301695,100.64045130110858,152.65579151487145,52.01534021376287,0.03358538225293158,0.07546647066487962,-0.0263645052909851,0.2014870345592498,0.2278515398502349,0.1333183258771896,0.011153400547266283,0.0848046839237213,0.1422303020954132,0.05742561817169191,11.224300829799233,4.016895619852346,0.8951782690058661,15.64273872554573,14.747560456539864,47.286335289508095,6.637213194657943,32.63345245761498,52.293784685820086,19.660332228205107,-0.19789816513657568,0.085728281901109,-0.4089033901691437,-0.1314969658851623,0.2774064242839814,pushup_cadera_caida,IMG_0421_datos_rep_2.csv
138.03596649344942,17.24700098469999,99.30715669904131,155.5900393726045,56.28288267356319,0.022413206100463882,0.07084992435199283,-0.041780948638916,0.1992115676403045,0.24099251627922053,0.13860941454768178,0.00796890948552264,0.1135152578353881,0.1483186185359954,0.0348033607006073,12.282812548213839,4.40696495334393,0.7820564689916475,16.758310415256663,15.976253946265015,49.52419972287884,5.9651431382430085,33.842872482678835,55.57809643531905,21.73522395264021,-0.18772953450679777,0.07865996105147167,-0.3858760893344879,-0.1185485124588012,0.2673275768756867,pushup_cadera_caida,IMG_0421_datos_rep_3.csv
155.0489463126823,14.44517903344837,137.13101683607928,178.74303102713736,41.61201419105808,-0.04302567541599269,0.02525962150465547,-0.06970676779747,0.0225805640220642,0.09228733181953419,-0.01926226541399954,0.040144981049373155,-0.0884890556335449,0.0352213084697723,0.12371036410331719,108.43125405901517,31.563772284488085,0.5165154978794796,169.40407513402926,168.88755963614977,108.90269522352828,10.237489419751942,84.166349677185,120.4714397422714,36.305090065086404,-0.17033765539526935,0.0712798621048092,-0.3168976306915283,-0.0568368434906005,0.26006078720092785,pushup_codos_abiertos,315_datos_rep_1.csv
141.69321398405083,7.347606070244926,130.40806163849948,157.0424276588656,26.634366020366116,-0.0432434797286987,0.029695057954938944,-0.0713398158550262,0.0145537257194519,0.08589354157447811,-0.04418909475207325,0.029977722233371005,-0.090754896402359,0.0039953291416168,0.09475022554397579,127.68757406555005,24.782944301286467,90.59622359154508,175.95902623405718,85.3628026425121,110.67034236623121,11.743157175043164,89.15797796168472,128.03912366599707,38.881145704312345,-0.19863629341125483,0.059641635306691365,-0.3017930686473846,-0.0978146791458129,0.20397838950157168,pushup_codos_abiertos,315_datos_rep_2.csv
140.8517549366845,6.993620482310643,127.71724781519065,150.4518152456213,22.73456743043066,-0.057718790322542145,0.020824080257331293,-0.076036661863327,-0.0074576139450073,0.0685790479183197,-0.03289596736431118,0.022952837661475697,-0.0772430896759033,-0.004153162240982,0.0730899274349213,131.17928935552396,24.0483402873003,55.07105196406771,177.62251353951038,122.55146157544266,116.45211470903692,7.890330911144102,99.28019955219338,126.78754215975913,27.507342607565747,-0.17296587154269213,0.05001488868048418,-0.2642910778522491,-0.0972977876663208,0.1669932901859283,pushup_codos_abiertos,315_datos_rep_3.csv
132.98375860299598,11.796494593104514,113.50628074122577,149.41232131159222,35.90604057036646,-0.08203072175383565,0.021768847527266585,-0.1063160300254821,-0.0316534042358398,0.07466262578964229,-0.016926687210798264,0.03290957593094935,-0.0811733305454254,0.0254371762275695,0.1066105067729949,69.0277136138478,15.359514828743736,46.021619015288415,92.15702488254222,46.1354058672538,109.04041280572832,4.1338447674259795,100.71529646205512,117.76372203633484,17.04842557427972,-0.2262462243437767,0.05756010259785016,-0.34823739528656,-0.1549577116966247,0.1932796835899353,pushup_codos_abiertos,316_datos_rep_1.csv
133.92857821517734,10.926723269352344,112.88989785903564,147.85444333385502,34.964545474819374,-0.07467474117875095,0.032649216928224145,-0.1169126629829406,-0.0106613039970397,0.1062513589859009,-0.020125820487737638,0.035056128702134065,-0.0767799019813537,0.0287809967994689,0.1055608987808226,69.49519351758275,13.577177660650019,48.843439070311256,90.55272002199044,41.70928095167918,106.9631851150466,6.833229348564012,88.21758871792954,113.35574707584227,25.13815835791273,-0.23708491995930667,0.06922518192754393,-0.3524128794670105,-0.1450890302658081,0.2073238492012024,pushup_codos_abiertos,316_datos_rep_2.csv
137.64872359763245,12.360224830551374,116.03858715143784,155.30917915150445,39.270592000066614,-0.07911872416734692,0.023438784293435586,-0.102944791316986,-0.0227084457874298,0.0802363455295562,-0.00832431241869926,0.036480900381232514,-0.0711486637592315,0.0394374430179595,0.110586106777191,67.80610227742488,14.204316505404242,46.14245578768493,90.4251942867588,44.282738499073865,108.59239616544869,4.483079381107642,94.75222450243044,115.9473387664477,21.195114264017263,-0.22070364132523537,0.05891621674590705,-0.328237771987915,-0.1478394269943237,0.18039834499359128,pushup_codos_abiertos,316_datos_rep_3.csv
147.2930882033998,4.789155903321506,134.81385115962092,152.98490347022494,18.17105231060401,-0.07264059036970134,0.021311729132107333,-0.0922847986221313,-0.0006287693977355,0.09165602922439581,0.06494387239217754,0.014903857855306237,0.0370822250843048,0.0843285322189331,0.0472463071346283,117.82874649481555,10.836176143483968,66.14920814072698,137.3247145020326,71.17550636130562,160.3092700314873,11.01751088278064,96.27242209717144,168.51772773629122,72.24530563911978,-0.15343812406063076,0.03263272773570968,-0.2390806674957275,-0.123738408088684,0.11534225940704351,pushup_codos_abiertos,331_datos_rep_1.csv
155.90258440162432,5.826375984608025,141.96801647217254,167.56307179756595,25.595055325393417,-0.08673890233039852,0.021244311316893187,-0.1076578497886657,-0.0242021679878234,0.0834556818008423,0.06702273786067958,0.013024970395114603,0.0412021577358245,0.0815189182758331,0.0403167605400086,108.94225065223887,10.092564458223599,87.26000526955892,125.89407353178152,38.6340682622226,154.05569459949385,2.282768359724764,150.66523580640336,160.23220546459794,9.56696965819458,-0.13564035445451733,0.03407026782958609,-0.2238559126853943,-0.1012229323387146,0.12263298034667969,pushup_codos_abiertos,331_datos_rep_2.csv
156.4808979041352,5.755270071887064,145.7971859100013,168.4275062119667,22.630320301965384,-0.10381657928228374,0.011262145321234941,-0.1172151565551757,-0.0714045763015747,0.045810580253601005,0.06824307143688198,0.00793588718887328,0.0542504787445068,0.0796011984348297,0.025350719690322897,98.15826461303462,11.990916439412695,84.62721000418902,128.82380868056444,44.196598676375416,160.69658833661816,2.1354803190771325,155.30249583105393,164.836790584274,9.534294753220081,-0.11867509782314296,0.02037746334593566,-0.1734993457794189,-0.095499038696289,0.0780003070831299,pushup_codos_abiertos,331_datos_rep_3.csv
110.39948964185677,58.7704058729834,6.612990205484009,162.36055458471404,155.74756437923003,-0.13217488005757327,0.01605412710457833,-0.1605021357536316,-0.0997885465621948,0.060713589191436795,0.025592046231031396,0.04422371500047805,-0.0646029710769653,0.0755681097507476,0.1401710808277129,94.29470950897162,31.749172007256192,55.50140825061953,159.9188483141886,104.41744006356907,161.77344019183613,11.53613892678228,144.90977906119085,179.15279579793048,34.243016736739634,-0.14298891425132748,0.05317780221653201,-0.249738872051239,-0.0742108225822448,0.1755280494689942,pushup_codos_abiertos,333_datos_rep_1.csv
108.44639040275106,62.431372540283704,2.0934729204463403,165.39908196673534,163.305609046289,-0.12640959322452544,0.01756853580082852,-0.1534091234207153,-0.0909532010555267,0.0624559223651886,0.020785038173198683,0.05564429847868935,-0.1225806176662445,0.0772655010223388,0.19984611868858332,97.59156067916975,30.93625087764667,60.36945897224852,167.86464134294863,107.4951823707001,161.76002015484548,9.70381845164131,146.3444830737368,179.44513465991378,33.10065158617698,-0.15154267251491543,0.056040024594777804,-0.277966558933258,-0.0807691216468811,0.1971974372863769,pushup_codos_abiertos,333_datos_rep_2.csv
127.29022581097028,53.09723807851093,2.675814084734123,168.8489387150533,166.17312463031917,-0.12959726378321643,0.02443525522273374,-0.1662275791168213,-0.0909549593925476,0.0752726197242737,0.03603053390979764,0.043539973645237526,-0.080518752336502,0.0800913274288177,0.1606100797653197,89.94700844859753,26.970490198744887,58.65908785661711,140.12013641395603,81.46104855733893,159.6195217628297,10.10555983989048,146.3809957145113,173.6083056605213,27.227309946009996,-0.13749078214168545,0.050022107452320864,-0.2339535355567932,-0.0804626941680908,0.1534908413887024,pushup_codos_abiertos,333_datos_rep_3.csv
155.33828868828923,18.26954356463884,124.07248479537454,179.49873063301447,55.42624583763994,-0.06851314231753344,0.024905088894229873,-0.0964409112930297,-0.0177634358406066,0.0786774754524231,0.0023145943880081153,0.03789535114007792,-0.0807602107524871,0.0503393709659576,0.1310995817184447,142.35748531294817,19.782927826281778,115.41018172505514,179.46639914623046,64.05621742117532,126.99222680424039,11.723291324890159,104.67227797895752,140.60760475887176,35.935326779914234,-0.17016760185360905,0.05943175840418768,-0.2807519435882568,-0.0934402346611023,0.18731170892715449,pushup_codos_abiertos,334_datos_rep_1.csv
163.36532031952112,10.483780446573045,142.52306410937086,179.05190947881076,36.52884536943989,-0.06484079509973521,0.030529985858800204,-0.0996078252792358,0.008085697889328,0.1076935231685638,0.013496294617652883,0.027988880471669666,-0.0368469357490539,0.0554625988006591,0.092309534549713,141.61479378415646,21.94769976210315,107.2371136352257,179.94100238564823,72.70388875042254,123.54468130390924,11.980868664847034,93.07645683193245,137.18195801735328,44.105501185420835,-0.1688770473003387,0.053579316517982124,-0.2728771269321441,-0.1015073060989379,0.1713698208332062,pushup_codos_abiertos,334_datos_rep_2.csv
166.16314363805924,10.764910691243294,141.0055391240888,178.34259684121224,37.33705771712343,-0.07332196310162539,0.022886870227794877,-0.1015431880950927,-0.0080693364143371,0.0934738516807556,0.022937171906232807,0.027684802438241528,-0.0400263667106628,0.0589666962623596,0.0989930629730224,141.93964673009546,20.300218836092874,112.59715251804649,179.4534246668448,66.85627214879831,127.20409568229157,8.437769141024265,102.16955627400203,137.3217350464977,35.152178772495674,-0.15364581570029254,0.04555654151466056,-0.267939954996109,-0.0978814959526062,0.1700584590435028,pushup_codos_abiertos,334_datos_rep_3.csv
153.25845628090389,4.805258559655571,148.45367925546955,169.0671235172027,20.61344426173315,-0.008330863714218121,0.023495202189418567,-0.0331195592880249,0.0521504282951355,0.0852699875831604,-0.05618558675050731,0.011031496172658315,-0.0810876786708831,-0.0391615033149719,0.04192617535591119,85.87777918471326,10.906358428459995,54.64973205967749,98.2323300676685,43.58259800799101,90.93578623512994,7.6032687977264555,70.46082702413332,98.58569787327455,28.12487084914123,-0.19475024491548537,0.034873061852553705,-0.268000066280365,-0.151254653930664,0.11674541234970098,pushup_codos_abiertos,IMG_0204_datos_rep_1.csv
158.39658096938626,4.1501660716779725,151.69292767369458,166.91569387636028,15.222766202665696,-0.00095598101615905,0.030723140693358554,-0.0368679761886596,0.0499272644519805,0.08679524064064009,-0.04962022602558132,0.020058368422712466,-0.0803748667240142,-0.0189291834831237,0.0614456832408905,68.20652295393359,25.616731912285324,9.889644372298877,91.25099831086676,81.36135393856789,87.62983370748263,8.711792833847799,72.2225224547544,98.50708576139353,26.28456330663913,-0.2002353087067604,0.04849434455817527,-0.2904884815216064,-0.1377050280570984,0.152783453464508,pushup_codos_abiertos,IMG_0204_datos_rep_2.csv
159.16519523679233,4.035704472288158,153.63256454455794,168.17251833662831,14.539953792070378,-0.0006545007228851147,0.029111432905050322,-0.0322537422180175,0.0628060400485992,0.09505978226661671,-0.048342756927013356,0.017903314350440024,-0.0854447484016418,-0.0168549418449401,0.0685898065567017,83.92502608898121,7.359745400099072,66.52860775623589,94.0156088165976,27.48700106036172,88.68948391070248,9.08870248410631,69.59760608788879,97.92462879084138,28.32702270295259,-0.2025197803974151,0.04378110001196411,-0.3024533092975616,-0.1484659314155578,0.15398737788200378,pushup_codos_abiertos,IMG_0204_datos_rep_3.csv
91.97369049756107,46.51578449680085,0.6008529083890481,176.12805144021144,175.5271985318224,0.03990392982959743,0.017616321281285957,-0.004041850566864,0.0772693753242492,0.0813112258911132,0.005252644419670105,0.03335489553446339,-0.0765941739082336,0.0700230002403259,0.14661717414855951,131.22529922478464,23.225551573909645,70.34392958024368,178.35414276967035,108.01021318942666,66.28425263901362,19.544634550966762,5.040383099625944,114.88814547244004,109.8477623728141,-0.16270884275436398,0.05561581496435064,-0.2346234321594238,0.0248657464981079,0.2594891786575317,pushup_codos_abiertos,IMG_0332_datos_rep_1.csv
127.8114532229846,32.275142171243985,25.578756511531903,175.9614236310468,150.3826671195149,0.021474653482437118,0.02501953480486882,-0.0243504047393798,0.0739434361457824,0.0982938408851622,0.03484631329774853,0.025960301614917154,-0.0122745633125305,0.0822646021842956,0.0945391654968261,140.10183660511075,20.860187056815413,92.63446025907432,178.6474921928329,86.0130319337586,89.16019942375544,23.97495686383135,53.726809708138255,139.0988604345995,85.37205072646123,-0.15024455636739725,0.036642872079401485,-0.2162136435508728,-0.0937027335166931,0.1225109100341797,pushup_codos_abiertos,IMG_0332_datos_rep_2.csv
149.67954936155348,18.573405495556514,108.16249146771844,177.7400663697895,69.57757490207106,-0.028806556761264767,0.022046289488793037,-0.0552408099174499,0.0308128595352172,0.0860536694526671,0.07214718759059902,0.03503450398350727,0.0133580565452575,0.1230388879776001,0.1096808314323426,156.45306567528138,13.76897869719289,127.84256663119294,179.709913023835,51.86734639264208,111.37541327468834,8.456463454900558,85.12663450518515,121.78445405769472,36.657819552509565,-0.14221060574054714,0.02887616317451295,-0.1971636414527893,-0.1006906032562255,0.0964730381965638,pushup_codos_abiertos,IMG_0332_datos_rep_3.csv
170.15696840782243,7.618718288319724,156.9267033576365,179.75988792338296,22.83318456574645,-0.046747003495693155,0.01354902043875297,-0.0683594644069671,-0.0125386714935302,0.05582079291343689,0.004614844173192978,0.0412062509605678,-0.082821637392044,0.0510144829750061,0.1338361203670501,43.168970449590475,19.452178806318415,2.0648338635902883,77.2914042470195,75.2265703834292,70.76781313571573,17.678514468336893,33.49296484686039,92.4796449351403,58.98668008827991,-0.1281042024493217,0.07991634778810355,-0.2675455808639526,-0.020357072353363,0.24718850851058957,pushup_codos_abiertos,IMG_0422_datos_rep_1.csv
173.100526878832,6.215887918447649,160.51691570427636,179.60450771485128,19.087592010574923,-0.03599065393209453,0.01471428253030201,-0.0550683736801147,-0.0007210373878479,0.0543473362922668,0.005716877430677397,0.03914446641605534,-0.0727975368499755,0.0470964610576629,0.11989399790763841,33.83725115845401,17.758917971586754,2.6113790989866708,72.03972123203602,69.42834213304934,69.6896998883707,15.437186498288648,41.84283875490888,88.58789890295827,46.74506014804939,-0.13314940631389613,0.07769380102925319,-0.2677395045757293,-0.0318780541419982,0.2358614504337311,pushup_codos_abiertos,IMG_0422_datos_rep_2.csv
175.2310666582684,4.072833077538575,163.93964059008118,179.98801911164804,16.04837852156686,-0.034602349996566736,0.015312722750279818,-0.0567211806774139,0.0085363090038299,0.0652574896812438,0.01829806417226789,0.034172880500909344,-0.0730048418045044,0.057559460401535,0.1305643022060394,43.40679382486636,18.26220674164693,2.578116535238676,65.68187758533668,63.103761050098,55.26999162558591,25.525481440473666,4.196962012916528,84.56946616260791,80.37250414969138,-0.10337330028414722,0.09238663009457071,-0.293894350528717,0.0033919215202331,0.2972862720489501,pushup_codos_abiertos,IMG_0422_datos_rep_3.csv
146.5701081986934,7.082072969742445,128.39629673451788,156.47548167123898,28.079184936721106,-0.15522784963250155,0.02424842405669019,-0.1916505098342895,-0.1088661253452301,0.08278438448905939,0.04270673394203184,0.03307470360145756,-0.0285581350326538,0.0856891870498657,0.1142473220825195,47.41251654960104,16.305140037565966,24.48748392735108,80.50722458529678,56.019740657945704,111.43280678006354,4.620761032585668,103.24140248060309,117.79187434454327,14.550471863940189,-0.18593328893184657,0.06401632031353253,-0.3085783720016479,-0.1009790897369384,0.2075992822647095,pushup_codos_abiertos,IMG_0423_datos_rep_1.csv
139.81306770956493,4.608748902688911,131.2972909409648,146.20683750951602,14.909546568551207,-0.1681160010397434,0.028688565257823647,-0.2132228314876556,-0.1165930330753326,0.09662979841232301,0.03562233373522755,0.028899533275022777,-0.0210285484790802,0.0714041292667388,0.092432677745819,52.13510316795963,14.96570333291744,28.74830582171289,77.27957617966383,48.531270357950945,118.20255744911738,4.230099269629622,110.58224824247266,125.89440727088162,15.312159028408956,-0.18702633455395695,0.05810562331891514,-0.2950702607631683,-0.1042232513427734,0.1908470094203949,pushup_codos_abiertos,IMG_0423_datos_rep_2.csv
145.86763822431107,4.397367343249883,132.70758831436052,153.72246190563737,21.014873591276853,-0.1573568262159824,0.029901010327868172,-0.188947707414627,-0.092202216386795,0.09674549102783199,0.04740684330463405,0.03192205593325247,-0.0382544696331024,0.0842058658599853,0.1224603354930877,49.92842182629083,15.372918079050464,24.344867131700223,82.40020057532324,58.05533344362301,113.95385947050553,3.0244773503304163,108.7282107084661,118.68219511590618,9.953984407440089,-0.18545661270618435,0.0648397559382188,-0.333141565322876,-0.1134439706802368,0.21969759464263916,pushup_codos_abiertos,IMG_0423_datos_rep_3.csv
160.96910614655772,2.0300649982429873,158.55720783657603,166.48460085639252,7.927393019816492,0.018727757036685885,0.01872624903115596,0.0014792084693908,0.0659461021423339,0.0644668936729431,0.06598602607846256,0.027944823153617473,-0.0098752081394195,0.0941618978977203,0.1040371060371398,59.11236464008202,15.394935342117098,18.34317342801484,71.75254280819496,53.409369380180124,67.48305881062632,13.113661492061917,20.07216277106467,79.32430975718138,59.25214698611671,-0.10894192308187481,0.058941994000396646,-0.2476644515991211,-0.0116627812385559,0.23600167036056519,pushup_codos_abiertos,IMG_0424_datos_rep_1.csv
171.26341064652811,3.300113154450473,167.06301482098468,179.6435975336526,12.580582712667933,-0.01042563021183011,0.01445290304075266,-0.0299302339553833,0.0223348438739776,0.0522650778293609,0.04521991685032841,0.030853772348562094,-0.0415015816688537,0.0772692859172821,0.11877086758613581,50.14009646666599,19.697286987762144,1.3051197392807845,66.70072546919293,65.39560572991215,68.10727737940348,14.68664847731289,35.064894506726546,86.70364542122928,51.63875091450274,-0.09898297488689418,0.051931763721348126,-0.2214360833168029,-0.0225625038146972,0.19887357950210569,pushup_codos_abiertos,IMG_0424_datos_rep_2.csv
167.39048268294442,3.4890121490605868,164.4483653318644,178.5423859789297,14.094020647065292,0.0024239189922809603,0.01474767084645902,-0.0159087181091308,0.0265954136848449,0.042504131793975705,0.05389210581779476,0.025959429326401412,-0.0198276937007904,0.0807748436927795,0.10060253739356989,47.83237268683552,20.625231213144374,8.76569378043206,68.90602279625695,60.14032901582489,70.06225615812431,14.768013818441158,27.126933106858644,83.45030761711155,56.323374510252904,-0.1184024408459663,0.05510576207788646,-0.2212639153003692,-0.0138499736785888,0.2074139416217804,pushup_codos_abiertos,IMG_0424_datos_rep_3.csv
168.66627519447775,4.1074956411915595,158.80466106044724,175.04123386453227,16.23657280408503,-0.06350525915622707,0.025575157405361152,-0.0907946825027465,0.0074685215950012,0.09826320409774769,0.10625111907720561,0.027324163679771845,0.0464642345905303,0.1358796656131744,0.08941543102264411,16.325321191615462,12.393816755230196,0.9595227739306522,43.06401182491319,42.10448905098254,71.91727910421497,2.082075662985317,68.93371635591251,76.7201533632261,7.7864370073135944,-0.20868808925151824,0.05071809991489135,-0.3142951726913452,-0.1482813358306884,0.16601383686065682,pushup_codos_abiertos,IMG_0425_datos_rep_1.csv
172.90484590902707,3.8340466023511794,165.606687128547,179.37287710673695,13.766189978189942,-0.07131005898118015,0.015633416992077646,-0.0912708640098571,-0.020916074514389,0.0703547894954681,0.09134111478924747,0.03621996351908646,0.0248944759368896,0.1353147029876709,0.1104202270507813,22.138319108169608,16.079178860088366,3.377479381777591,53.75552371873175,50.37804433695416,77.5454368467813,4.0913598670599525,71.20246196948675,86.11539366885337,14.912931699366624,-0.22369351834058762,0.05013704367182033,-0.3405270576477051,-0.1636024117469787,0.17692464590072637,pushup_codos_abiertos,IMG_0425_datos_rep_2.csv
160.81594761596276,4.288217050862453,154.70027734464503,171.95378673946138,17.253509394816348,-0.037471009045839256,0.008628623958425986,-0.0521535277366638,-0.0218697190284729,0.030283808708190897,0.11098822802305217,0.02444889234927338,0.0513761639595031,0.1337035298347473,0.0823273658752442,30.02548405136349,9.820002243220147,15.577479971107968,51.598824281177976,36.021344310070006,72.08135987689398,2.2413143862022236,68.86605202956089,78.11677488076207,9.250722851201175,-0.25021571964025496,0.028004725606107148,-0.3115513920783996,-0.214055061340332,0.0974963307380676,pushup_codos_abiertos,IMG_0425_datos_rep_3.csv
162.395118731715,5.165867944831291,155.09646452245852,171.41332537851002,16.316860856051505,0.016543309390544873,0.02655518330578077,-0.0236819982528686,0.0516442954540252,0.0753262937068938,-0.10813657119870182,0.05180207125568489,-0.1849949657917022,-0.0399136543273925,0.1450813114643097,33.40594801965981,27.27638579407649,0.8862261392861165,71.76170804505703,70.87548190577091,68.45072167571357,4.319423023175766,63.04032221258854,75.80349370905958,12.763171496471038,-0.17398264631628985,0.07087008209686664,-0.2713207304477691,-0.081425666809082,0.1898950636386871,pushup_correcto,IMG_0198_datos_rep_1.csv
161.7101044506125,6.711292453750301,151.9477434057814,173.88877885771194,21.94103545193053,0.016274207085371008,0.02603824913632622,-0.0251097083091735,0.0484309792518615,0.073540687561035,-0.11244264021515842,0.0531509105771926,-0.1882439255714416,-0.0423330068588256,0.145910918712616,34.91601367385413,27.933495036211294,0.4374230555151943,75.45596576067383,75.01854270515864,67.97580054350117,5.986095925949432,59.37525302721326,77.12176762630219,17.746514599088925,-0.17607082426547999,0.07265614758705194,-0.27715864777565,-0.0749449133872985,0.20221373438835152,pushup_correcto,IMG_0198_datos_rep_2.csv
161.2399081537663,6.049646085882643,153.15870368546703,171.40514684947763,18.2464431640106,0.013644342869520171,0.028298924650500996,-0.0306936502456665,0.0493616759777069,0.0800553262233734,-0.11003502309322352,0.050908103634493176,-0.1904028356075287,-0.0450081825256347,0.14539465308189398,33.14310839870768,26.97176626989048,0.0428363858592608,74.12647513557565,74.08363874971639,68.93986571791638,4.59143141726399,61.80856326959014,77.54308665477683,15.73452338518669,-0.17214037701487536,0.07294092754591881,-0.282678872346878,-0.0711441040039062,0.2115347683429718,pushup_correcto,IMG_0198_datos_rep_3.csv
163.12374612960897,5.658141521971141,155.08326880281578,172.60686286884325,17.52359406602747,0.016649860888719545,0.02850544953940249,-0.0305227637290954,0.0500582158565521,0.0805809795856475,-0.10613857358694072,0.050814918093315606,-0.1904838681221008,-0.0433026552200317,0.1471812129020691,31.68947230673553,25.497228422224303,1.877657703424534,73.38846376011863,71.5108060566941,66.5864999606385,4.85012963106741,59.00479494265432,73.90365744483414,14.898862502179817,-0.16847545877099032,0.07531367469817307,-0.2828554809093475,-0.066912829875946,0.2159426510334015,pushup_correcto,IMG_0198_datos_rep_4.csv
153.45037189409578,5.406558106205479,145.15332717979774,162.32960500933402,17.176277829536275,-0.015216164290904988,0.03808417831895728,-0.0608306527137756,0.0454262197017669,0.10625687241554249,-0.057670829445123625,0.04117194514283507,-0.131608635187149,0.0083106756210327,0.13991931080818168,54.55451963799387,30.73159184027536,0.7215857783524545,90.31747522280574,89.59588944445329,89.17393880686919,7.83751165866735,74.90007595482572,99.36336047788863,24.46328452306291,-0.1761105395853519,0.07540343259367138,-0.2883513569831848,-0.0786303281784057,0.2097210288047791,pushup_correcto,IMG_0199_datos_rep_1.csv
155.9843098126693,7.041023346242745,143.5602048263351,167.4019549315627,23.84175010522759,-0.012694600969552989,0.04700317208125985,-0.0709797143936157,0.0636350810527801,0.1346147954463958,-0.0521285623311996,0.03321256247470596,-0.1137065291404724,0.0100644826889038,0.12377101182937619,53.30399997846994,26.332462631370785,0.2867618523028803,84.65168506919514,84.36492321689227,88.19589690518421,11.297937081839628,69.48947186496407,101.51436857614124,32.02489671117716,-0.1719075538218021,0.07887272557383333,-0.2923386991024017,-0.0621478557586669,0.23019084334373477,pushup_correcto,IMG_0199_datos_rep_2.csv
154.82927199407567,9.586169506721813,142.71586636336153,178.92443548885117,36.208569125489646,-0.017757791280746442,0.04784826138497706,-0.0782995820045471,0.0649165511131286,0.14321613311767573,-0.04837896078824993,0.03578057903104378,-0.1011476516723632,0.0593885779380798,0.160536229610443,52.2786618296195,25.476843774344534,5.9452366516999575,80.07974213260667,74.13450548090671,89.55397038604352,11.975155812704028,68.68843236572424,105.97259905189436,37.284166686170124,-0.16638335585594172,0.07758618502984761,-0.2919400930404663,-0.0510637164115905,0.24087637662887582,pushup_correcto,IMG_0199_datos_rep_3.csv
173.4944535806726,3.780464508543755,168.13561248563894,179.82333737073148,11.687724885092535,-0.015376558154821368,0.023782233898061857,-0.0334203243255615,0.0466730594635009,0.0800933837890624,0.017264299839735008,0.04000313479217571,-0.0620416104793548,0.0635572969913482,0.12559890747070301,38.42421858118583,18.728003244395374,8.187339052987568,72.2246223239345,64.03728327094693,83.89071812339697,5.022170460597273,71.37264102327973,90.424395503784,19.051754480504272,-0.1380621194839477,0.0570297400717932,-0.2719672322273254,-0.0820109248161315,0.1899563074111939,pushup_correcto,IMG_0312_datos_rep_1.csv
174.49281379998274,3.354772691349464,167.4323981376232,179.8622600480697,12.429861910446476,-0.00476025640964506,0.026573795318665508,-0.0260108113288879,0.0589503347873687,0.0849611461162566,0.011774922907352426,0.03905587419226828,-0.0647721290588378,0.0564687252044677,0.1212408542633055,33.639220910113636,21.376253799139683,1.0178237400881085,70.98811217022018,69.97028843013207,82.72141961875539,6.658414113204457,67.49931763241248,91.99212555308644,24.492807920673954,-0.14932991415262217,0.059981173293655106,-0.2884210348129272,-0.0957016348838806,0.19271939992904658,pushup_correcto,IMG_0312_datos_rep_2.csv
173.73884714932902,3.636400666349667,168.5804965136032,179.99799618051787,11.417499666914665,-0.016248912364244434,0.021925343437933807,-0.0345959663391113,0.046999841928482,0.0815958082675933,0.02628343552350996,0.0368442118016825,-0.0559512674808502,0.0599841475486755,0.1159354150295257,40.734618801373784,15.484479851399554,5.671658858311732,67.65716109495335,61.98550223664162,82.55919458056471,5.9817994590536605,69.74495481027577,90.97486755807564,21.229912747799872,-0.11926392093300815,0.05823897735028001,-0.261627733707428,-0.0567572116851806,0.20487052202224737,pushup_correcto,IMG_0312_datos_rep_3.csv
172.2881424925374,5.308179874710784,162.55631659036766,179.92571467464347,17.369398084275815,-0.059555127471685364,0.03903690153889901,-0.1057043075561523,0.0257164537906646,0.1314207613468169,0.045085807144641846,0.04389737779408714,-0.0531764030456543,0.0985572338104248,0.1517336368560791,27.574465064574532,19.727520560470428,1.8869604341014647,59.43241226643389,57.545451832332425,81.39368037834863,7.310674255389196,68.44885845740696,92.73838138343731,24.289522926030358,-0.1717028327286243,0.08512739101922442,-0.3652223348617553,-0.0709919333457946,0.2942304015159607,pushup_correcto,IMG_0313_datos_rep_1.csv
176.52470560371407,2.566909805339808,172.0572656096702,179.99384134195915,7.936575732288958,-0.04837631508707997,0.04454146843965083,-0.1023967862129211,0.0399817526340484,0.1423785388469695,0.053004267066717126,0.04832940999168812,-0.0529670119285583,0.1019167900085449,0.1548838019371032,20.404991599105298,19.70746577022072,0.2204889544557152,63.64613394239076,63.425644987935044,75.54876221804861,6.428798831924966,63.54094342531398,85.89917485061238,22.3582314252984,-0.17540001571178432,0.0973597356440792,-0.38177090883255,-0.074117362499237,0.307653546333313,pushup_correcto,IMG_0313_datos_rep_2.csv
174.297085096584,4.2687896753535775,165.37457516748697,179.77644981917663,14.401874651689667,-0.04404991045594212,0.04180711370420148,-0.0967233180999755,0.0386904180049896,0.1354137361049651,0.037836253643035875,0.04844752851126173,-0.0574623942375183,0.0914205908775329,0.14888298511505121,28.10329658027946,20.465197283466004,1.5653617039879433,62.65953869210343,61.094176988115485,79.3253349908579,6.504478456914334,64.47599388053494,86.92206868250084,22.446074801965892,-0.19360128715634342,0.09348923296095807,-0.3814601600170135,-0.0907930731773376,0.2906670868396759,pushup_correcto,IMG_0313_datos_rep_3.csv
168.65369110513066,8.215685500718566,141.59041281480677,179.95860287582553,38.368190061018765,-0.08760517686605448,0.010361743584551173,-0.0967498421669006,-0.0589379668235778,0.037811875343322796,0.06962349712848659,0.028943475173837413,-0.0048842430114746,0.0937752723693847,0.09865951538085929,61.7815605688127,24.84552866876339,15.01777000114988,150.4156406957023,135.39787069455244,129.87744922114538,10.064248563866967,114.64792934552872,170.0551520015291,55.407222656000386,-0.0693303063511848,0.051406372952592906,-0.1840167045593261,0.0009174346923828,0.1849341392517089,pushup_correcto,IMG_0325_datos_rep_1.csv
170.67173680879517,8.435803690829578,151.14196327550775,179.91156281183714,28.769599536329395,-0.09901109337806697,0.023845749923646072,-0.121470034122467,-0.038785696029663,0.082684338092804,0.08061021417379374,0.019922812992260015,0.0228370428085327,0.0996676683425903,0.0768306255340576,50.58448510888663,33.22310051504514,5.457403071246056,151.04234145478253,145.58493838353647,70.40107063858099,46.43774484204224,9.67190948144158,136.886882573469,127.21497309202742,-0.00647945851087571,0.08390289859489018,-0.153235375881195,0.0930360555648803,0.24627143144607533,pushup_correcto,IMG_0325_datos_rep_2.csv
173.50898429302342,3.6476623694654458,166.0698223951596,179.93763797048138,13.867815575321771,-0.09699881672859187,0.016452513306450162,-0.11935955286026,-0.0629644989967346,0.05639505386352539,0.08350691050291056,0.02485816539973323,0.0289509296417236,0.1072666049003601,0.07831567525863649,39.77512837095471,10.16550945221903,13.005963952504144,54.63661443319088,41.63065048068673,82.89871683150014,43.99093181067867,22.50674919608722,132.02346560068514,109.51671640459793,-0.018458695709705347,0.06976288065769252,-0.149271011352539,0.0680436491966247,0.2173146605491637,pushup_correcto,IMG_0325_datos_rep_3.csv
157.63084738787376,10.764916313322717,118.51977634593412,178.49241913469416,59.97264278876004,-0.12413015365600581,0.048785229585097324,-0.1684045791625976,-0.0031585693359375,0.1652460098266601,0.10372107177972789,0.013210404235108036,0.0759027004241943,0.1295260787010193,0.05362337827682499,36.816347116865416,5.448750035816493,26.575026128786813,49.394016793892455,22.81899066510564,127.85672665982545,14.555334105448292,79.6332897537393,146.9841644505471,67.3508746968078,-0.09197988212108607,0.03653317114694627,-0.1902562975883484,-0.0496307015419006,0.14062559604644778,pushup_correcto,IMG_0326_datos_rep_1.csv
158.10532910305696,3.43495865909247,147.2019677145697,161.71940012210422,14.517432407534528,-0.14105610996484752,0.00788597291286051,-0.1525981426239013,-0.1194607615470886,0.033137381076812716,0.0913395836949348,0.017407813296593667,0.0435567498207092,0.1101065278053283,0.0665497779846191,48.29608403082243,8.860018229439111,37.59931470561123,70.41737715921256,32.818062453601335,143.74255179640653,3.034270502583784,137.2478129263556,149.7314167283708,12.483603802015182,-0.09848056584596632,0.021815237354182688,-0.1522047519683838,-0.070525586605072,0.0816791653633118,pushup_correcto,IMG_0326_datos_rep_2.csv
154.49546766447978,5.637134442646167,140.2294358468508,166.00994958162255,25.780513734771745,-0.14670869708061213,0.016457471131598855,-0.1630031466484069,-0.1137669086456298,0.0492362380027771,0.09181021302938457,0.020802634769345654,0.0400418043136596,0.1124809384346008,0.0724391341209412,49.35160958719662,16.31052303855853,34.19543631879025,88.80612454651384,54.61068822772359,150.0013879603277,4.65425354947479,137.87609049673165,159.2338665235158,21.357776026784137,-0.09786690622568125,0.03302289070705386,-0.1690780520439148,-0.0659775137901306,0.1031005382537842,pushup_correcto,IMG_0326_datos_rep_3.csv
151.5619580475612,19.13884066816928,119.46036361364074,179.98166116507034,60.5212975514296,-0.07437796667218204,0.03956055964275997,-0.1232280135154724,0.0037068724632263,0.1269348859786987,0.055302265286445586,0.04210539597754748,-0.0485016703605651,0.098839521408081,0.1473411917686461,119.1110818285658,33.30062222056387,72.38193177032974,174.68074196565922,102.29881019532948,125.88620865910653,16.897513849319463,91.82173888620964,148.36432318136323,56.54258429515359,-0.16009899601340288,0.0630152798419331,-0.3016391098499298,-0.0882635116577148,0.21337559819221502,pushup_correcto,IMG_0327_datos_rep_1.csv
147.47310276689709,19.71675887513618,109.527325566722,179.73000711336988,70.20268154664788,-0.05144374147057529,0.03247573687925897,-0.0895488262176513,0.0125045776367187,0.10205340385436999,0.07385323047637934,0.0441296233820157,-0.0305985212326049,0.1201494336128234,0.1507479548454283,124.25381621911689,24.02122048186277,88.96944750792196,179.61757585813302,90.64812835021107,114.34095601556092,12.459701409965355,85.29821320487743,130.08818228372408,44.78996907884665,-0.1626412488520145,0.055081975120516026,-0.3067480325698852,-0.0902008414268493,0.2165471911430359,pushup_correcto,IMG_0327_datos_rep_2.csv
147.39168769968484,28.58155174497859,90.29307007058463,178.34825100971267,88.05518093912804,-0.06295133456587787,0.04698816823119472,-0.1196788549423217,0.0409923195838928,0.1606711745262145,0.08604726195335384,0.03794885013992909,-0.0127469599246978,0.1405516862869262,0.15329864621162398,103.60404120021704,36.65968620320815,51.22953380695109,176.39282948973522,125.16329568278414,121.58923741562364,18.792196821530972,77.48086406009583,149.75443036879514,72.27356630869932,-0.14496171623468396,0.05599805228841156,-0.2659254670143127,-0.0530661940574646,0.2128592729568481,pushup_correcto,IMG_0327_datos_rep_3.csv
127.66030328770766,59.14511289035092,1.0142547438236036,170.99768386047492,169.9834291166513,-0.17090825140476223,0.03362640958587157,-0.2244197130203247,-0.1142769753932952,0.1101427376270295,0.049435741454362844,0.07517856919270369,-0.1558898389339447,0.1259112954139709,0.2818011343479156,72.65065842434964,53.31263035194749,17.467642180915394,178.83445321944944,161.36681103853405,159.46029620477657,17.528560268960774,119.20686710756038,179.0020766530988,59.79520954553843,-0.1303406730294227,0.08116889909543902,-0.2934482097625732,-0.0189910531044006,0.2744571566581726,pushup_correcto,IMG_0330_datos_rep_1.csv
143.3880640192489,49.2105959261154,0.2830087140169121,168.8814104930727,168.5984017790558,-0.1697991862893104,0.03107066986667058,-0.2109229564666748,-0.1185560822486877,0.0923668742179871,0.0711434610188007,0.0580056567217191,-0.0950160026550293,0.123032659292221,0.2180486619472503,56.657239680836916,44.515018196362306,19.90191881163229,163.9829895159168,144.0810707042845,161.72737052064036,13.987338511515675,138.0373367181933,179.5134490739903,41.476112355797,-0.1097142398357391,0.0609858322106431,-0.2399190068244934,-0.0366412997245788,0.2032777070999146,pushup_correcto,IMG_0330_datos_rep_2.csv
153.75944941610123,24.32360667801847,77.32148447651123,169.1642771122636,91.84279263575236,-0.16186080127954477,0.03636827878386106,-0.2067878246307373,-0.1089377999305725,0.09785002470016481,0.0815161488950252,0.0407646450214602,-0.0066814422607421,0.12569260597229,0.13237404823303212,57.98103541753703,39.41514857796939,20.664512923257703,139.166031268284,118.5015183450263,162.1400238264324,12.172373789369361,140.97598409539935,179.30068390078793,38.324699805388576,-0.11131470501422877,0.06202811783995673,-0.2145047187805175,-0.0339369773864746,0.18056774139404289,pushup_correcto,IMG_0330_datos_rep_3.csv
176.69408318783567,2.1421748594845087,170.90596545433075,179.98256106248596,9.076595608155202,-0.011163986101746536,0.049320754747932065,-0.0633621513843536,0.0929926484823226,0.1563547998666762,0.001553121954202638,0.05690234762477055,-0.1115601062774658,0.0716735124588012,0.183233618736267,42.221478809270515,13.59745711104114,7.202916684087378,59.58614863343803,52.38323194935065,63.610205929568586,16.02704233626621,28.1100263032385,83.7018600443136,55.591833741075106,-0.15808905623853203,0.13198121438036128,-0.4192962795495987,-0.0163859724998474,0.4029103070497513,pushup_correcto,IMG_0410_datos_rep_1.csv
175.63051240325217,1.7280118875103936,172.4242563399774,179.33542106907203,6.911164729094622,0.004760839790105828,0.041753387064593514,-0.0374101996421813,0.0915930122137069,0.1290032118558882,0.002335543185472478,0.05630111006131688,-0.1179629862308502,0.0558483302593231,0.1738113164901733,48.49344829588246,13.696194153772023,6.2035474246778906,67.13006105284173,60.92651362816383,70.45475290095027,6.359488292419605,59.27594253735043,85.32500993620295,26.049067398852515,-0.16576974913477896,0.13131268529659393,-0.425511285662651,-0.0430084466934204,0.3825028389692306,pushup_correcto,IMG_0410_datos_rep_2.csv
175.88285467027907,2.3184924859655354,169.90620478574266,179.95566191442825,10.049457128685589,-0.011410365253686874,0.03757191737117431,-0.0488309860229492,0.091127872467041,0.1399588584899902,0.022984430938959098,0.04289969533216756,-0.0653518736362457,0.068206250667572,0.1335581243038177,41.583238095533154,14.655602421826202,8.575851058162556,65.58179203940938,57.00594098124682,58.45265893550144,20.029199638582167,8.595473403389533,80.14367028916098,71.54819688577145,-0.12675492912530895,0.10755382478842139,-0.3652232885360718,0.0006617903709411,0.3658850789070129,pushup_correcto,IMG_0410_datos_rep_3.csv
157.5749686302007,8.85620525856734,139.11250383667334,168.28838617334924,29.175882336675897,-0.13152142167091366,0.050078260052379885,-0.1931849718093872,-0.031351625919342,0.16183334589004522,0.05741847380995748,0.05289643581038422,-0.0395213365554809,0.1247046589851379,0.16422599554061879,40.87963003443996,21.086183418145584,13.527006655411125,83.6477827170331,70.12077606162197,104.81745206683699,6.172921859450766,94.6365263498444,118.00767675190426,23.371150402059854,-0.21652317941188812,0.09498822593628467,-0.3972202241420746,-0.0911768674850463,0.3060433566570283,pushup_correcto,IMG_0411_datos_rep_1.csv
164.2382493450835,5.235703604732319,152.5790116184799,172.31429576155364,19.735284143073727,-0.12379415258765217,0.049941824748090634,-0.1840672492980957,-0.006065011024475,0.17800223827362072,0.06637597158551213,0.0442040165594359,-0.0161589086055755,0.1249590516090393,0.1411179602146148,34.83205696370421,17.76690160390989,12.462967813764402,68.62399362546424,56.16102581169984,101.00204075524503,6.05226776807022,84.33490845482886,114.7057756798739,30.370867225045032,-0.217434161901474,0.08965081761245913,-0.4051859676837921,-0.1120272278785705,0.2931587398052216,pushup_correcto,IMG_0411_datos_rep_2.csv
164.77807379714153,5.332961832145702,153.36359014636906,173.83617389212532,20.472583745756253,-0.1297741256654262,0.053321918083029954,-0.1900568008422851,-0.0102857053279876,0.1797710955142975,0.07371559515595431,0.04416030782536756,-0.0107912123203277,0.1287624537944793,0.139553666114807,33.854226150380704,15.83136337737863,14.975103436260392,66.26269245695289,51.2875890206925,100.28124303300757,7.106822448193961,83.59012294935262,115.20279014249694,31.61266719314432,-0.20262661650776864,0.09544278614344633,-0.3869050443172455,-0.0865359902381897,0.3003690540790558,pushup_correcto,IMG_0411_datos_rep_3.csv
173.75604041939891,2.8986404224971927,170.1724788067029,179.89236412884526,9.719885322142346,-0.033623602986335724,0.02244101687951403,-0.0661879777908325,0.0104778707027435,0.07666584849357601,0.04305504113435743,0.046047238519794184,-0.0418198108673095,0.0952878296375274,0.1371076405048369,30.959615887285757,12.981840814629882,0.0081448660670131,45.56964026427997,45.561495398212955,64.7970172653449,4.085188148832145,57.266099249252136,71.70471264881262,14.43861339956048,-0.12624533474445337,0.052855189416420596,-0.2468255162239074,-0.0714711546897888,0.1753543615341186,pushup_correcto,IMG_0414_datos_rep_1.csv
173.83932985830103,2.2946288524807814,168.15611515336948,178.0872418966822,9.931126743312717,-0.03574987873435017,0.026536439124536175,-0.0658649206161499,0.0271475911140441,0.09301251173019401,0.04819100722670553,0.04391904119673505,-0.0490542352199554,0.0955705344676971,0.1446247696876525,30.17854383160349,13.515361230542076,2.186878824286889,45.66040529812981,43.473526473842924,57.6474863277205,7.6306228995440355,47.21952331658622,70.0448228761486,22.82529955956238,-0.11311823353171344,0.058510023366408655,-0.2357431054115295,-0.0591087341308593,0.17663437128067022,pushup_correcto,IMG_0414_datos_rep_2.csv
176.86680050273225,1.7451035524440015,172.7082879168974,179.66037163337074,6.952083716473339,-0.03109908699989316,0.03376945391259059,-0.0757138133049011,0.0379778146743774,0.1136916279792785,0.03822724595665929,0.03944241405871932,-0.0441742837429046,0.0883964300155639,0.1325707137584685,30.911963082080224,12.998623571641748,0.5827137480364156,49.34564092977213,48.76292718173571,57.317454144710936,7.0697407102233525,44.70874000451573,67.3433515873038,22.634611582788068,-0.11710052862763401,0.06523682060534017,-0.2768371105194092,-0.0523170232772827,0.22452008724212646,pushup_correcto,IMG_0414_datos_rep_3.csv
166.82449129034595,8.558926850565115,146.5423833848496,177.09737903836205,30.554995653512464,-0.11839102804660792,0.037552838161270606,-0.1612448692321777,-0.0223238468170166,0.1389210224151611,0.05535388216376301,0.046713113384933495,-0.0357058942317962,0.116408884525299,0.1521147787570952,18.539545161471384,16.387506641455566,0.289672719623303,50.97588625142306,50.68621353179976,81.80122149523281,8.338632841741285,69.43883835402458,98.51578251546646,29.076944161441872,-0.1881197966635227,0.08171649425525701,-0.371167927980423,-0.0892081260681152,0.28195980191230774,pushup_correcto,IMG_0415_datos_rep_1.csv
172.2166026118838,3.4690397709009564,166.0202288664845,179.67243906298887,13.65221019650437,-0.10530032142996784,0.04538074289205551,-0.1537331938743591,-0.0024177730083465,0.1513154208660126,0.062075307220220546,0.04299203406772993,-0.0423211455345153,0.105663776397705,0.1479849219322203,14.264103545391901,13.94661350493265,0.7124357843629933,47.85033598159831,47.13790019723532,74.14331199376603,4.661241826689815,66.91980294701754,80.44704608719466,13.52724314017712,-0.1880566835403442,0.08797242964757518,-0.392177551984787,-0.0989419817924499,0.2932355701923371,pushup_correcto,IMG_0415_datos_rep_2.csv
174.96275713951331,3.4198454467364865,167.3581753112179,179.84131768115876,12.48314236994085,-0.11026118621230122,0.02783557568051572,-0.1500894427299499,-0.0381588339805603,0.11193060874938959,0.08132838308811183,0.03683779882644229,0.0056870281696319,0.1305732727050781,0.1248862445354462,11.315709077566359,10.061459502358447,0.297473878159667,35.8372028374807,35.53972895932104,71.94024455509565,6.1988292200253925,61.3499393607735,80.18461652063469,18.834677159861194,-0.17094323486089702,0.06424555195467123,-0.3187668919563293,-0.0790572762489318,0.2397096157073975,pushup_correcto,IMG_0415_datos_rep_3.csv
175.17060630533274,2.3683390284798724,169.68485927449962,179.36189834452014,9.677039070020527,0.009752314537763594,0.029949996420216403,-0.0219966173171997,0.0805261731147766,0.10252279043197629,0.00314601361751555,0.04860900348744226,-0.1074358224868774,0.0481045246124267,0.1555403470993041,41.271832901573454,15.442680055411667,5.831242736412445,61.648185181093616,55.816942444681175,72.04928746156065,3.22620719017877,64.86161962751373,79.21101030998642,14.349390682472688,-0.16792867481708523,0.10384662761890374,-0.3909034430980682,-0.0621250867843627,0.3287783563137055,pushup_correcto,IMG_0416_datos_rep_1.csv
172.0954018895,3.4481467641993184,167.61553819536445,179.84963648681472,12.234098291450266,0.019693368300795547,0.03386433319596734,-0.0142134428024292,0.0886458754539489,0.1028593182563781,0.01542784422636031,0.04759852839064417,-0.0923156440258026,0.0653190612792968,0.1576347053050994,42.83932265830352,16.01752039230971,1.852376668367122,70.71779789602903,68.8654212276619,61.9109893994098,9.053944844787909,47.465626997692425,76.88177519437306,29.416148196680638,-0.15221958719193934,0.10615881662239866,-0.3750494718551636,-0.0385026335716247,0.3365468382835389,pushup_correcto,IMG_0416_datos_rep_2.csv
172.9221241449273,3.76103605856531,163.77112335740952,179.29872807212382,15.5276047147143,0.018658673390746106,0.03856378363673849,-0.0264179408550262,0.1001738756895065,0.1265918165445327,0.011557215452194193,0.05406229575431128,-0.1070992648601532,0.0690247416496276,0.1761240065097808,43.37555070458069,15.070212053269366,5.560482497082386,66.93470118504769,61.374218687965296,65.92373238853145,11.06555363968297,42.95260228530134,89.38155696778989,46.42895468248855,-0.17267507128417486,0.12090768031511358,-0.4188382476568222,-0.0476865172386169,0.3711517304182053,pushup_correcto,IMG_0416_datos_rep_3.csv
172.39071429297,3.633775230110216,167.3907848294648,179.34666206154867,11.955877232083878,-0.06254176720976826,0.03246251126568311,-0.1072814464569091,0.0122172832489013,0.1194987297058104,0.08024483025074,0.04049523107267519,-0.0082677006721496,0.1308589577674865,0.1391266584396361,15.610911583756968,13.993018388277278,0.1825585601857258,46.67872069270853,46.496162132522805,74.21054820596085,4.5641247001987715,68.4026414303598,82.9063956838868,14.503754253527006,-0.2043820157647133,0.07187182417487246,-0.3618026971817016,-0.1064931154251098,0.2553095817565918,pushup_correcto,IMG_0417_datos_rep_1.csv
171.53741486994124,3.8166059416942586,166.37918567392893,179.98063347690598,13.601447802977049,-0.05763309746980664,0.03659398842205583,-0.0989296436309814,0.0463027656078338,0.1452324092388152,0.08188022300601001,0.03689310777849113,-0.0024646818637847,0.1291061639785766,0.1315708458423613,11.885820160901709,11.140871113147519,0.4448381927095406,39.675496410501125,39.230658217791586,69.11422141019492,4.375184428442459,62.61836564700895,78.86254604000419,16.24418039299524,-0.19943517670035363,0.07365068569677657,-0.3836308121681213,-0.1050408482551574,0.27858996391296387,pushup_correcto,IMG_0417_datos_rep_2.csv
173.10021034592378,3.0359977710923913,169.71265991455147,179.51020960485795,9.797549690306482,-0.06675161495804784,0.03497580248787731,-0.1011648178100586,0.0244635045528411,0.1256283223628997,0.08325389176607127,0.03512835622271549,0.0006113052368164,0.1263752281665802,0.1257639229297638,12.120857814752704,11.37078558446769,0.1767003248912625,39.64532811316258,39.46862778827131,71.88623570817393,3.561717960917301,66.69808304728755,78.69142567664288,11.993342629355325,-0.19274194836616515,0.06697543233307728,-0.3558395802974701,-0.1162521839141845,0.23958739638328558,pushup_correcto,IMG_0417_datos_rep_3.csv
134.8382218627631,2.6151449675189404,129.04823305739387,140.5577622071889,11.509529149795014,-0.014929103851318326,0.015231644066456227,-0.037195861339569,0.0072062611579895,0.044402122497558504,-0.1913018859922886,0.027059583703102803,-0.2377671897411346,-0.157855749130249,0.07991144061088559,77.61530351490565,9.494140487083477,59.430220188336136,90.65291022002816,31.222690031692025,90.93950785008808,2.6913793762098144,85.03103132503853,94.76952953883584,9.738498213797314,-0.21157080158591263,0.04940579622487226,-0.2794550657272339,-0.1353361308574676,0.1441189348697663,pushup_pelvis_levantada,IMG_0207_datos_rep_1.csv
132.4798492701492,6.250593581546032,123.5844064715766,142.23659638405553,18.65218991247893,-0.018814995139837247,0.01962446050049012,-0.041560411453247,0.0152572095394134,0.0568176209926604,-0.19909629300236698,0.029471257766065222,-0.2490677237510681,-0.1641165912151336,0.08495113253593448,79.71358956248562,9.96246073235303,65.37292245523992,94.9145167694944,29.541594314254482,92.32534715987197,5.937775794617982,82.02178808560313,99.1356660166619,17.113877931058767,-0.2159058466553688,0.045496395971346755,-0.2743687331676483,-0.1470096707344055,0.12735906243324283,pushup_pelvis_levantada,IMG_0207_datos_rep_2.csv
135.89626234565725,7.438557312732424,128.1908822761706,148.3947117047131,20.20382942854249,-0.014377340674400312,0.027082507143825284,-0.0485660135746002,0.0302337706089019,0.0787997841835021,-0.19011140838265414,0.02857559560398572,-0.2414793670177459,-0.1541996896266937,0.08727967739105219,71.10814384128841,13.594491265307944,44.37959516072186,87.40233282914022,43.02273766841836,89.07214214984808,6.876890049016882,78.03637359174498,97.89813506637284,19.86176147462787,-0.20590055212378502,0.0553922265986672,-0.2809934914112091,-0.1180182993412017,0.1629751920700074,pushup_pelvis_levantada,IMG_0207_datos_rep_3.csv
137.0685086567872,4.410414807241303,129.1267858598593,144.78567112915562,15.65888526929632,-0.015565681457519515,0.025527772603180204,-0.0522800087928772,0.0187150239944458,0.070995032787323,-0.11918066516518588,0.017638891598390556,-0.1467071771621704,-0.0942974388599395,0.052409738302230904,91.24764785685315,6.448721418107648,82.09319696898271,102.98715817361284,20.89396120463013,92.8997506235406,6.488133107957889,83.237304905796,102.7232366654286,19.485931759632606,-0.2647005908191204,0.04381467039479462,-0.3199714422225952,-0.2004058957099914,0.11956554651260382,pushup_pelvis_levantada,IMG_0208_datos_rep_1.csv
138.7570591546076,5.51254288239778,131.96371618350588,154.82894350089117,22.86522731738529,-0.02185526117682456,0.03348686847513838,-0.065112829208374,0.0360970795154571,0.1012099087238311,-0.10655358806252475,0.02318118504651326,-0.1478957235813141,-0.0799400210380554,0.06795570254325868,89.49830040855831,6.028132429119586,74.41251338671317,99.92979962543676,25.517286238723585,94.13471041408543,8.925551895541549,76.38724453087806,105.63854803138148,29.25130350050341,-0.2489817202091217,0.05126352349083225,-0.3284503817558288,-0.1845536231994629,0.1438967585563659,pushup_pelvis_levantada,IMG_0208_datos_rep_2.csv
141.94940504278878,4.997236358949771,133.20858485630987,149.314816116005,16.106231259695136,-0.00045755133032798995,0.02734332839466237,-0.0396645367145538,0.0355778932571411,0.07524242997169489,-0.11794958636164661,0.016567906638078334,-0.1436057388782501,-0.0933805406093597,0.050225198268890395,86.78264246119295,6.916460434753683,77.55445122699138,96.07674319589114,18.522291968899765,88.18308083687148,7.178663131156031,79.0939398698815,98.615041916226,19.52110204634451,-0.2783658891916275,0.041544358153948434,-0.3261542022228241,-0.2159777283668518,0.11017647385597229,pushup_pelvis_levantada,IMG_0208_datos_rep_3.csv
58.12736853548078,7.226961165496664,39.51517026973045,70.76896865793042,31.253798388199968,-0.1463648252189159,0.02055054337696933,-0.1697802245616912,-0.1094032227993011,0.060377001762390095,-0.08066573143005368,0.02261046836164878,-0.1250441074371338,-0.0465613305568695,0.07848277688026428,124.34313432069612,15.766051372190995,91.2926405236778,138.53970129187323,47.247060768195425,136.93945658540375,2.1005446184441032,131.26010412216655,140.16786396936294,8.907759847196388,-0.19703958928585047,0.0524776879331327,-0.2929936051368713,-0.1163879632949829,0.17660564184188837,pushup_pelvis_levantada,IMG_0346_datos_rep_1.csv
60.329984173537284,5.3378670887550195,53.662469875295336,74.7761341032335,21.113664227938166,-0.13839848712086672,0.02514384982801693,-0.166313886642456,-0.0867387652397155,0.07957512140274049,-0.08484708666801448,0.014510136829628812,-0.1224497258663177,-0.0634283721446991,0.0590213537216186,127.94003949957786,7.15149785935883,114.12074587981394,137.19265408209418,23.07190820228024,136.2791098445932,4.259707853650979,127.04117331019243,141.98118127147782,14.940007961285389,-0.19488006979227063,0.04473593783827805,-0.2757189571857452,-0.1369712948799133,0.13874766230583188,pushup_pelvis_levantada,IMG_0346_datos_rep_2.csv
59.674086597985294,5.941888211181564,50.43621567153111,76.27633051345732,25.840114841926216,-0.1438240565359592,0.026816473159181776,-0.1721522212028503,-0.083744078874588,0.08840814232826229,-0.08292044997215267,0.01833252522632646,-0.1104632914066314,-0.0531600713729858,0.0573032200336456,120.46524741510511,23.415779472972034,53.719637295052905,140.79024621696863,87.07060892191572,137.53116255561517,4.2248607065497685,127.19100232735406,141.98702288451787,14.796020557163814,-0.1850193046033382,0.04857910370461257,-0.2805077731609344,-0.1134814023971557,0.1670263707637787,pushup_pelvis_levantada,IMG_0346_datos_rep_3.csv
12.350150812972402,4.20594223904582,5.733942126299625,18.21169677972193,12.477754653422306,-0.19527879208326335,0.011878184157472996,-0.2066913247108459,-0.1644809246063232,0.042210400104522705,-0.12994197830557822,0.009304483601022871,-0.1519709527492523,-0.1120687127113342,0.03990224003791809,126.22126290332362,16.30304962833474,106.6785279996165,156.86654722563205,50.18801922601554,169.19762046898344,2.386809418641382,164.9643565139853,173.33688026822756,8.372523754242252,-0.19737131446599956,0.03572439782342225,-0.2789475917816162,-0.16132652759552,0.11762106418609622,pushup_pelvis_levantada,IMG_0347_datos_rep_1.csv
13.089628454455767,2.1977817721508166,8.54102117067646,15.597640291623446,7.056619120946985,-0.18980624079704284,0.01678510875129223,-0.2114644348621368,-0.148090660572052,0.06337377429008481,-0.12808306291699406,0.008697486442603278,-0.142329603433609,-0.111718863248825,0.030610740184784005,133.89105607651197,15.78307768535423,111.9220581046286,161.3984787908501,49.4764206862215,171.138375199192,2.2328090511360035,166.73030973962346,175.11738453167584,8.387074792052374,-0.20858813524246217,0.037423971987533104,-0.2875306606292724,-0.165986955165863,0.1215437054634094,pushup_pelvis_levantada,IMG_0347_datos_rep_2.csv
14.095029928227493,2.1493128049169647,10.4324901158,17.92869341411564,7.496203298315638,-0.193715026974678,0.0159780024956666,-0.2125417292118072,-0.1550528407096862,0.057488888502121,-0.11990280970931048,0.006080512965986511,-0.1359875798225402,-0.1067311763763427,0.029256403446197496,126.14489524205676,18.811349213832845,102.9274160827535,158.78670612607968,55.85929004332618,170.33076437616813,3.3193940787639273,166.7207947738555,176.2597405090527,9.538945735197217,-0.19464005529880518,0.03486398292369082,-0.2693371772766113,-0.1578569412231445,0.11148023605346677,pushup_pelvis_levantada,IMG_0347_datos_rep_3.csv
112.60191958015989,6.059756154153628,103.4484627837793,119.69700381929717,16.24854103551786,-0.1630538403987884,0.030940218570439673,-0.1946029663085937,-0.0894183069467544,0.1051846593618393,-0.1586733035743236,0.05729812610355134,-0.2670598775148392,-0.0906916856765747,0.17636819183826447,51.55314754493643,37.90063630447536,2.914670497156385,104.4472775623572,101.53260706520082,89.05708469659064,32.222421057484425,37.85358547695009,121.54942324043202,83.69583776348193,-0.13648018762469288,0.12496448364726773,-0.3674532175064087,0.0023437738418579,0.3697969913482666,pushup_pelvis_levantada,IMG_0426_datos_rep_1.csv
120.5786642365274,10.528974885459741,102.41689212286816,131.73610704897158,29.319214926103413,-0.16101360544562335,0.020569116500251797,-0.1856026947498321,-0.1125397086143493,0.0730629861354828,-0.12112106233835215,0.063892667532426,-0.2545689195394516,-0.0519006252288818,0.2026682943105698,43.06695756155107,34.97639408939823,5.232868146063536,102.22507789144152,96.99220974537798,83.56650065553212,30.24747569982777,24.92144851232528,129.4250368162996,104.50358830397433,-0.11794497668743129,0.10750763880418866,-0.3247769176959991,0.0146849751472473,0.3394618928432464,pushup_pelvis_levantada,IMG_0426_datos_rep_2.csv
109.97475448127719,3.9644591655345693,98.3141123976218,114.75955332491864,16.445440927296843,-0.17780800871551034,0.024454279947917067,-0.2051661014556884,-0.1210240572690963,0.08414204418659209,-0.15741645880043503,0.034743961768523804,-0.2347947806119918,-0.115855872631073,0.1189389079809188,54.43952240795126,36.62597675533302,1.75471286047515,100.98195006724814,99.22723720677298,98.63476798337388,22.198452225761283,49.66709839914273,122.30185368239512,72.63475528325239,-0.13519127219915386,0.08962689636600067,-0.2892601788043976,-0.0120273232460021,0.2772328555583955,pushup_pelvis_levantada,IMG_0426_datos_rep_3.csv
82.75962633685023,5.039423521288466,75.3885362638254,89.6443128021986,14.255776538373198,-0.24211413487792016,0.032474614782722074,-0.28070729970932,-0.1672494411468505,0.11345785856246951,-0.10784630849957462,0.03125392080787224,-0.1658238172531128,-0.0696935653686523,0.09613025188446049,73.7345456913934,18.405521227455484,51.68432698811424,111.78041492439904,60.096087936284796,139.6116856922944,1.4433284961366397,137.09228029735112,142.15808363568036,5.065803338329232,-0.20901442915201188,0.06226874102364084,-0.3502470254898071,-0.1316843032836914,0.21856272220611567,pushup_pelvis_levantada,IMG_0427_datos_rep_1.csv
84.77537688294876,3.5372363304195935,77.20726183546897,90.1151057795314,12.907843944062435,-0.22920595481991768,0.03114662145792096,-0.268135130405426,-0.1563603579998016,0.11177477240562442,-0.10583967044949527,0.02312484639382234,-0.1415064930915832,-0.0721958875656127,0.0693106055259705,77.55299482798046,17.255857141441858,55.07835836380722,108.27603514875791,53.197676784950694,138.95099083647975,1.2653055762737588,134.96419733365795,141.03219553948543,6.067998205827479,-0.2235342562198639,0.05378685136636114,-0.3331970572471618,-0.1531810760498047,0.18001598119735712,pushup_pelvis_levantada,IMG_0427_datos_rep_2.csv
95.5936214152841,8.94903597803164,82.10910730536764,113.56042009922106,31.45131279385342,-0.21526228561997413,0.040447269742145575,-0.2590001225471496,-0.116653561592102,0.1423465609550476,-0.07684904038906094,0.04302773021031061,-0.1698804199695587,-0.006459355354309,0.1634210646152497,72.12409636663766,24.02055030224195,43.31676303838729,111.6202967356984,68.30353369731111,133.04258478345812,4.486098100961539,126.0786554729005,140.18694416914562,14.108288696245125,-0.21764640435576438,0.0776686252103361,-0.3988723158836365,-0.1294672489166259,0.2694050669670106,pushup_pelvis_levantada,IMG_0427_datos_rep_3.csv
145.78333755886501,13.92340434352398,119.37000396240518,159.96686277069827,40.59685880829309,-0.11019735932350154,0.009779547255611863,-0.1216545104980468,-0.0814209580421447,0.0402335524559021,-0.040911164134740816,0.06578342304061964,-0.1817068755626678,0.0269919633865356,0.20869883894920338,35.16510571660554,26.149184923225818,3.4341333182756864,97.37922480842592,93.94509149015023,86.29450808202692,14.087345328929365,57.35671045608774,104.77302022873944,47.4163097726517,-0.13676077052950855,0.08658081250555642,-0.3384155333042145,-0.041057288646698,0.2973582446575165,pushup_pelvis_levantada,IMG_0428_datos_rep_1.csv
151.23381374606657,12.24163723940595,130.9063059861379,164.28242720833416,33.37612122219625,-0.09670762270689007,0.021663299678352073,-0.120379626750946,-0.0438071489334106,0.0765724778175354,-0.029036424309015284,0.06780093636021614,-0.1611536145210266,0.0400776267051696,0.2012312412261962,39.54872866431573,20.457559135050396,7.370009876960028,81.69191355600628,74.32190367904626,79.20938019331439,11.498967585719917,56.24291013327269,92.34646478557272,36.10355465230003,-0.13258562162518497,0.09664413111001711,-0.3456940650939941,-0.0357499122619628,0.3099441528320313,pushup_pelvis_levantada,IMG_0428_datos_rep_2.csv
149.59150540892065,9.597790688497204,135.4877619645629,163.500605866019,28.01284390145608,-0.10302025675773616,0.03185062849087149,-0.1418673694133758,-0.0199997425079345,0.1218676269054413,-0.03149218782782554,0.06084089967522967,-0.1451673507690429,0.0429115295410156,0.1880788803100585,37.75685485953108,20.677344120018496,6.221778096831659,79.36367156974006,73.14189347290841,73.32072599416827,15.746303122728872,52.67748303277574,94.62966839426524,41.9521853614895,-0.12183807268738742,0.10210699148578646,-0.3483549356460571,-0.0324448347091674,0.31591010093688965,pushup_pelvis_levantada,IMG_0428_datos_rep_3.csv
125.21956994800614,7.3554918333141455,112.45632556796755,133.80862304230078,21.352297474333227,-0.1748371951282024,0.0196935207489985,-0.2003014385700225,-0.1329474151134491,0.0673540234565734,-0.025505877286195733,0.030847688086222094,-0.0838138163089752,0.0138386487960815,0.09765246510505671,46.54847381479025,22.296908029188202,18.165847672555035,88.23029840448466,70.06445073192963,111.39170415945914,7.211497414964216,99.78333957428455,120.49066569291708,20.707326118632523,-0.19915868416428562,0.056516990527349084,-0.298570454120636,-0.1214329004287719,0.17713755369186407,pushup_pelvis_levantada,IMG_0429_datos_rep_1.csv
140.8298861606607,3.397656202351659,130.7479607203094,144.54611056757253,13.798149847263119,-0.161928492039442,0.02758615484414012,-0.1984333395957946,-0.1114484071731567,0.0869849324226379,0.010300373286008815,0.024659413812960915,-0.0475502610206604,0.0359510779380798,0.0835013389587402,25.85709613966842,15.67057964488736,10.160297434046065,59.8978323156954,49.73753488164934,97.23954123721163,5.3532645243226264,89.46038274704398,105.32199150371348,15.861608756669497,-0.17242586314678188,0.053174224520254276,-0.2730768918991089,-0.1087540984153747,0.1643227934837342,pushup_pelvis_levantada,IMG_0429_datos_rep_2.csv
130.3574336105999,3.4807324629389584,118.4273830694649,133.20880531508723,14.781422245622338,-0.16410909667611118,0.02094325960945277,-0.1806245446205139,-0.1076614558696746,0.07296308875083929,-0.01585958451032633,0.01392207411263915,-0.0467416048049926,-0.0006314516067504,0.0461101531982422,37.48392629857055,13.017704615025457,24.90347866356708,67.15635605835259,42.25287739478551,106.61181331113303,4.477287081045948,101.76872017896164,119.42899916290332,17.66027898394168,-0.19354330450296398,0.036548862285353714,-0.2847252488136291,-0.1555896401405334,0.1291356086730957,pushup_pelvis_levantada,IMG_0429_datos_rep_3.csv
