label,source_file,frame,avg_knee_angle_mean,avg_knee_angle_std,avg_knee_angle_min,avg_knee_angle_max,avg_knee_angle_range,avg_hip_angle_mean,avg_hip_angle_std,avg_hip_angle_min,avg_hip_angle_max,avg_hip_angle_range,knee_distance_mean,knee_distance_std,knee_distance_min,knee_distance_max,knee_distance_range,hip_shoulder_distance_mean,hip_shoulder_distance_std,hip_shoulder_distance_min,hip_shoulder_distance_max,hip_shoulder_distance_range
squat_correcto,squat_correct_1_1_diag.csv,35,122.72397649399218,19.186634650793643,95.35308840898193,152.54499343906872,57.19190503008679,130.3552208027359,17.38316806154192,105.2830403216065,154.38713805972907,49.10409773812256,0.07967518866062161,0.0036289293682693915,0.0718066394329071,0.0848755836486816,0.013068944215774494,0.046833993991215996,0.00547775117044288,0.0347351729869842,0.0524200201034545,0.017684847116470302
squat_correcto,squat_correct_1_2_diag.csv,33,119.88909236445177,18.411797500337073,94.94085547918516,152.74264042507414,57.80178494588898,132.22520243145416,15.374950241084633,110.62797947854031,156.49915030298615,45.87117082444584,0.08394483327865597,0.006101553348378751,0.0731726884841919,0.0908098518848419,0.01763716340065001,0.04405736823876696,0.0053577533569685865,0.0298492312431335,0.048943817615509,0.0190945863723755
squat_correcto,squat_correct_1_3_diag.csv,32,121.15292237633412,20.25552329021381,94.75796501567685,157.69514463936065,62.937179623683804,129.68609388382134,18.546302651423733,103.35144569587325,158.4918652334856,55.14041953761236,0.08234854042530057,0.004986306405215215,0.0745485126972198,0.0897258818149566,0.015177369117736803,0.045296497146288514,0.005574492987695445,0.0325317978858947,0.0511286258697509,0.0185968279838562
squat_correcto,squat_correct_2_1_diag.csv,51,94.37500223312568,18.893939533021275,71.8751283731745,129.7423427595565,57.86721438638199,95.22940512056518,18.595304468329132,73.30899048793793,129.0049326496065,55.69594216166857,0.052098165949185656,0.0033738348933793462,0.0455273389816284,0.0581555664539337,0.012628227472305305,0.07171813944975532,0.004109230473064142,0.0628621280193328,0.0765919685363769,0.013729840517044095
squat_correcto,squat_correct_2_2_diag.csv,47,90.5386703412556,20.616725443335348,64.41002225617311,129.46528508124413,65.05526282507103,91.32156177133403,21.01318267160692,65.2343216236304,131.80924902485086,66.57492740122046,0.05157586236794786,0.002889108569640051,0.0483483076095581,0.0572586953639984,0.0089103877544403,0.06922864218552904,0.002513484278017652,0.0615805089473724,0.0714308321475982,0.009850323200225795
squat_correcto,squat_correct_2_3_diag.csv,43,94.11936935402089,18.88032660211317,70.37276666278206,128.14451866770108,57.77175200491902,97.23574900122921,19.53147096234751,72.6199735596126,132.71471139268183,60.09473783306923,0.05089523295561468,0.0027010031947307164,0.0471846461296081,0.0586181581020355,0.011433511972427403,0.06987612346808111,0.004182044702085132,0.0610051751136779,0.075320690870285,0.014315515756607104
squat_correcto,squat_correct_3_1_diag.csv,80,96.98584884401309,15.11443532793142,83.79866153624555,131.75561919255716,47.956957656311616,107.82265554375563,15.190818384107946,94.10278958866405,141.93382745995626,47.83103787129221,0.08828725516796108,0.003665458800221513,0.0787125527858734,0.0939164757728576,0.015203922986984197,0.04233612914880114,0.001257215714481641,0.0386486947536468,0.0434647798538208,0.004816085100173999
squat_correcto,squat_correct_3_2_diag.csv,56,96.88717272429366,15.587276683830362,81.73831769752775,133.69613015743244,51.95781245990469,110.79399309031109,14.02766588360068,96.2655849915104,143.92496212871026,47.65937713719987,0.09573874870936074,0.005600413570445131,0.0832566320896148,0.1025678515434265,0.0193112194538117,0.04404233594735459,0.0016673720180220993,0.0397254824638366,0.0458076894283294,0.006082206964492798
squat_correcto,squat_correct_4_1_diag.csv,57,124.62190466818156,12.02704061903388,112.42238872122527,150.6246055411395,38.20221681991421,127.75471857108552,12.663972644146495,114.91615045781654,155.03710387380067,40.12095341598413,0.0781714856624603,0.002635068821014344,0.0707599520683288,0.0811091959476471,0.010349243879318293,0.046221523483594214,0.0024043600592536384,0.0396130084991455,0.0480412244796752,0.008428215980529702
squat_correcto,squat_correct_4_2_diag.csv,55,116.77856022104669,15.842101618216748,99.6061256530153,149.7114836035616,50.10535795054629,118.0278068306752,15.23987377758047,101.2782288601547,151.3006980939121,50.022469233757406,0.07886008322238917,0.0014435051756358462,0.0750799477100372,0.081354796886444,0.006274849176406791,0.049293593565622934,0.0018944373818244363,0.0432284772396087,0.0515089333057403,0.008280456066131599
squat_correcto,squat_correct_4_3_diag.csv,59,118.4784029069021,15.734731458956109,102.98305932130279,150.65348403188906,47.670424710586275,121.15027253918272,16.079799260262075,105.56328436626461,154.96534586724042,49.402061500975805,0.07976328531901039,0.0015712162441960875,0.0735169947147369,0.0810112953186035,0.007494300603866605,0.0468911935885747,0.002170777367804335,0.0409205853939056,0.0494292378425598,0.008508652448654203
squat_correcto,squat_correct_5_1_diag.csv,48,91.52540281112073,12.716415552007264,79.2140917957775,124.24224786877784,45.02815607300033,108.51795616098828,10.75040656847085,97.33873866158605,135.63150113721872,38.29276247563267,0.06781828006108599,0.0035203117116996696,0.0590262413024902,0.0720734000205993,0.013047158718109096,0.04402964115142818,0.0034186187667029715,0.0378248691558837,0.0478585362434387,0.010033667087555001
squat_correcto,squat_correct_5_2_diag.csv,42,96.04530494747253,13.055931381362695,82.7659638558699,127.96446419214469,45.19850033627479,113.22691418618452,11.02278859196999,101.9051707743345,139.94405846349525,38.03888768916076,0.06729405721028642,0.004718937308305044,0.0568061470985412,0.0730358958244323,0.016229748725891106,0.04008548657099402,0.003085153325090352,0.0345819890499115,0.0433034300804138,0.008721441030502299
squat_correcto,squat_correct_5_3_diag.csv,41,93.15851641560167,14.366752368402832,77.48994223015904,126.16609191980456,48.67614968964551,111.92771208705571,12.333212676483926,98.26690097651456,139.21746263623305,40.95056165971849,0.06806962887446083,0.003766973981574211,0.0605567693710327,0.0756647586822509,0.015107989311218192,0.04225313464800513,0.0024805772956820646,0.0384320616722106,0.0460415482521057,0.007609486579895096
squat_correcto,squat_correcto_2_2_front.csv,43,157.967470528049,8.342453650807586,145.23225784134723,170.52412525771842,25.29186741637119,153.45977898388932,8.796592129505893,139.93979196865376,166.3687877547461,26.428995786092344,0.09884448349475858,0.0030900658155714076,0.0917927026748657,0.1037633419036865,0.0119706392288208,0.024338714281717896,0.0011115674029857105,0.0225376486778259,0.0264748334884643,0.0039371848106384
squat_correcto,squat_correct_1_1_front.csv,28,151.96415210002772,13.1520070772786,130.77195360736283,171.06095783488803,40.2890042275252,153.88590505736914,10.795797019582185,135.57311937900704,168.21887387433367,32.64575449532663,0.11611117422580715,0.01038200095245235,0.0947873592376709,0.1284466683864593,0.0336593091487884,0.020230875412623032,0.0028475170385301174,0.0160821080207824,0.0244393944740295,0.008357286453247098
squat_correcto,squat_correct_1_2_front.csv,35,144.6961384991512,19.110282658913874,111.69351710926313,169.5832833418731,57.889766232609986,147.9832091289709,17.02967881664286,117.512473419994,167.57597667652186,50.063503256527866,0.11994234720865883,0.009879429091748479,0.097631961107254,0.1314846873283386,0.033852726221084595,0.018290070692698113,0.0021965549875505065,0.0156293511390686,0.0224608778953552,0.0068315267562866
squat_correcto,squat_correct_1_3_front.csv,33,138.66283992948104,23.08859549262732,98.8129187814744,166.24089653818632,67.42797775671193,143.52754289730646,20.9156387789904,106.13891143258914,166.70354510865184,60.5646336760627,0.126738233367602,0.010223215583140679,0.1071299016475677,0.1381877064704895,0.03105780482292181,0.020311568180719955,0.0011360313351708833,0.0183268189430236,0.0226027369499206,0.004275918006897
squat_correcto,squat_correct_2_1_front.csv,46,158.04729059399455,6.538255733696843,149.88839113854527,171.21252702047394,21.32413588192867,153.57513417985098,7.0257572833759765,144.26650390118112,166.56622790907534,22.299724007894213,0.09957033594449358,0.0032142784594153075,0.0926634073257446,0.1042748391628265,0.011611431837081895,0.02494247754414871,0.0007670492126830504,0.0237715244293212,0.026128351688385,0.0023568272590638005
squat_correcto,squat_correct_2_3_front.csv,32,160.62210248630018,8.269517161443158,150.75738279653936,173.54071649243684,22.783333695897483,155.94891164639859,8.80035202441417,145.98390506360104,169.92667927618908,23.942774212588034,0.09522900978724157,0.002771310117252075,0.0912405550479888,0.1001412570476532,0.008900701999664404,0.02228992581367488,0.0007948739818756628,0.0212568640708923,0.0241265296936035,0.002869665622711199
squat_correcto,squat_correct_3_1_front.csv,63,101.12108490305505,31.752316900101977,68.72392328055801,157.32505634747986,88.60113306692185,111.10153687253505,29.658237989971326,80.37742459432593,161.2999287119382,80.92250411761228,0.14750868280728655,0.009055068705933207,0.1270334720611572,0.1564476191997528,0.02941414713859561,0.022178363800048777,0.0015980861393085832,0.019442856311798,0.0243509411811828,0.0049080848693848
squat_correcto,squat_correct_3_2_front.csv,40,125.88788237785842,22.92458517764986,92.851087591691,161.1758734355551,68.3247858438641,133.32650076270534,21.064741518185517,102.21993363716652,163.80313843864678,61.583204801480264,0.13299421568711595,0.005410323821554838,0.122406005859375,0.142520785331726,0.02011477947235099,0.021893006563186608,0.0005913032468611814,0.0206165313720703,0.0227081775665283,0.002091646194458001
squat_correcto,squat_correct_3_3_front.csv,42,101.22634192721661,30.908621706331854,69.98068618312828,157.34858753083074,87.36790134770246,110.52539288802033,28.972770522581133,81.09843666081534,161.7421258916389,80.64368923082355,0.14086963236331937,0.00690185801625636,0.1269899010658264,0.14799165725708,0.021001756191253607,0.021391830841700186,0.0009741456065936551,0.0201521515846252,0.0227631330490112,0.002610981464386
squat_correcto,squat_correct_4_1_front.csv,53,157.55612189310224,7.786550405164508,148.01688183411528,171.66617394005652,23.649292105941242,154.98841003222643,6.657513421552154,146.1627505549148,167.64546678585384,21.482716230939047,0.09840671122074124,0.006004679953093104,0.0882826745510101,0.1037280559539794,0.015445381402969291,0.023688051104545547,0.0012375276783929206,0.0219127237796783,0.0259343683719635,0.004021644592285201
squat_correcto,squat_correct_4_2_front.csv,55,140.92225067000092,14.38139592054505,126.23678425228121,169.33697494786819,43.100190695586974,138.60130685460243,13.302824843613859,124.53761755416014,164.7652245722345,40.227607018074366,0.10260233978430428,0.0044289309546806125,0.0912327468395233,0.1061672270298004,0.0149344801902771,0.023296859860420186,0.001371093038414464,0.0214994549751281,0.0267392098903656,0.0052397549152375
squat_correcto,squat_correct_4_3_front.csv,54,140.95018302215416,8.030285939382521,132.38585864930968,160.2288873126932,27.843028663383507,139.32925880172078,7.706087225506273,131.06983892863065,157.0144934593476,25.944654530716946,0.1082714200019836,0.002160941681588622,0.1016678214073181,0.1101206839084625,0.008452862501144395,0.02161323229471838,0.0011581307386371803,0.0199683308601379,0.0239105522632598,0.0039422214031219
squat_correcto,squat_correct_5_1_front.csv,58,121.02475689667443,17.186748051354652,97.81101604347234,151.8614725398911,54.050456496418775,130.4843175753312,15.987814494010996,108.37681783039707,157.75517628538623,49.378358454989154,0.13503683408101397,0.0034103939079629087,0.1279636621475219,0.1394251883029937,0.011461526155471802,0.027399363120396886,0.0005124180212257385,0.0265381336212158,0.0286434888839721,0.002105355262756299
squat_correcto,squat_correct_5_2_front.csv,45,142.50279668780422,8.604929699193303,130.9740108711283,158.4468006282707,27.47278975714238,150.93766369793786,7.093619274938138,141.07024462288555,162.87835726003252,21.808112637146962,0.12484953602155047,0.0021712730124680774,0.1221523284912109,0.1279530823230743,0.005800753831863417,0.024673618872960348,0.0008892113432190046,0.0225974321365356,0.0258112549781799,0.003213822841644301
squat_correcto,squat_correct_5_3_front.csv,40,140.54506978153003,10.723509385930283,124.2635195257027,157.26980996399044,33.006290438287735,147.38424775506158,9.626769331983823,132.51587642606717,161.3301189127381,28.814242486670935,0.12260346412658688,0.0010010154655954347,0.1212803125381469,0.1241033971309661,0.0028230845928192,0.024713746706644644,0.0016161661732629852,0.0232410430908203,0.0287387371063232,0.005497694015502902
squat_espalda_arqueada,squat_espalda_arqueada_3_1_diag.csv,63,122.21180426633363,9.513617260107502,114.89788374811937,146.82248424980207,31.924600501682704,122.69750675643718,8.083368862714272,116.14761976712518,143.75240760020836,27.60478783308318,0.0764779130617777,0.004537394396301724,0.0646598935127258,0.0802601277828216,0.015600234270095797,0.06446631252765651,0.0018242527344163734,0.0590671002864837,0.0663484632968902,0.007281363010406501
squat_espalda_arqueada,squat_espalda_arqueada_3_2_diag.csv,62,121.34116449257364,10.96075862637438,108.73304316860319,147.8318116018102,39.098768433207,125.15605322970666,10.865128834431733,113.70508703419272,151.55307856340633,37.847991529213616,0.07903022567431127,0.004567090873069304,0.0681770145893096,0.0835984051227569,0.015421390533447307,0.0603024969498316,0.003964352352129707,0.0484618842601776,0.0643793642520904,0.0159174799919128
squat_espalda_arqueada,squat_espalda_arqueada_3_3_diag.csv,49,119.60493598330245,3.9812831038365197,115.64120651188972,129.32099044607946,13.679783934189743,119.34877022834146,4.446847053802511,114.1250063516598,129.26389068021382,15.138884328554013,0.08003320991992947,0.0019092593194545366,0.0743564665317535,0.0817746222019195,0.007418155670166002,0.06503482262293495,0.0022832536745212417,0.0614731609821319,0.0682624876499176,0.0067893266677857
squat_espalda_arqueada,squat_espalda_arqueada_4_1_diag.csv,53,131.44459939402026,9.104564341065986,118.07314621759826,145.8792802112912,27.806133993692924,91.19220609789416,17.06694733388085,73.23170769508013,124.01503058230307,50.78332288722294,0.06893271704514818,0.004065837434480777,0.0610512197017669,0.0786788165569305,0.017627596855163602,0.08623925844828285,0.0036566626721977586,0.0759345889091491,0.0901452302932739,0.014210641384124797
squat_espalda_arqueada,squat_espalda_arqueada_4_1_diag.csv,81,118.35758897801087,9.652091714532164,108.69765042033208,142.57868750322748,33.8810370828954,83.79041912517134,14.892863098288334,73.06779974732734,120.6059546111529,47.538154863825554,0.06057176987330115,0.007220367016547025,0.0479853749275207,0.0728624165058136,0.024877041578292895,0.08333839972813921,0.002302588411468863,0.0790513455867767,0.0877622961997985,0.008710950613021795
squat_espalda_arqueada,squat_espalda_arqueada_4_2_diag.csv,62,111.22896718227818,6.184168920587826,103.70227283219151,124.7763028410462,21.07403000885469,81.07039470708823,9.11866516713531,71.41235355735098,102.70560667447448,31.2932531171235,0.06630375285943345,0.004789224834758217,0.0551363825798034,0.0724720060825347,0.01733562350273131,0.08034012516339616,0.0008430753924266249,0.0789985358715057,0.0821310579776763,0.003132522106170599
squat_espalda_arqueada,squat_espalda_arqueada_4_2_diag.csv,79,114.78351772102876,14.45581563218124,102.23321297432034,146.81384229818536,44.580629323865026,86.28329223601749,19.512853149715998,71.08342062933025,129.52658278680937,58.44316215747912,0.061178710063298496,0.0065069049517010955,0.0503497123718261,0.0685709416866302,0.01822122931480409,0.08255436519781746,0.0021303486341881944,0.0802366435527801,0.0861624181270599,0.005925774574279799
squat_espalda_arqueada,squat_espalda_arqueada_4_3_diag.csv,52,137.31645437946221,7.3190285262116905,125.90096293988287,149.25799798363016,23.35703504374729,93.07684124645206,19.179681716057768,70.7448636904529,127.2486389043479,56.503775213895,0.06541110773881273,0.009474827635689177,0.0537351071834564,0.0849115252494812,0.0311764180660248,0.08930693368117013,0.003948475690731362,0.0792212188243866,0.0941133797168731,0.014892160892486503
squat_espalda_arqueada,squat_espalda_arqueada_4_3_diag.csv,84,126.4285283106072,4.0415590767125105,122.15512026642924,138.29703311644255,16.141912850013313,75.61903547170087,12.851069062151792,65.57710446832536,109.98851693815178,44.411412469826416,0.06707924107710515,0.007251080312244153,0.051845908164978,0.0753215253353118,0.023475617170333807,0.08800949056943255,0.0028611310790330816,0.085150271654129,0.0932741165161132,0.008123844861984197
squat_espalda_arqueada,squat_espalda_arqueada_5_1_diag.csv,88,107.79892287555614,9.822238164681465,96.59357780024028,130.92503326818462,34.33145546794434,76.45377573562627,11.218248817634834,65.80365629982694,104.16534786164829,38.361691561821345,0.06954388618469234,0.0019770409757683344,0.0666430294513702,0.0740179419517517,0.0073749125003814975,0.09931660691897068,0.0018303435167606355,0.0955989956855773,0.1020026803016662,0.006403684616088909
squat_espalda_arqueada,squat_espalda_arqueada_5_2_diag.csv,98,86.20762377405136,15.36194047440331,73.00036944867168,124.5711506011761,51.57078115250442,63.4278275117415,16.726756825378406,49.06563564882359,106.3099038140285,57.244268165204915,0.06840801934401192,0.0025332695215127057,0.0645472705364227,0.0725870728492736,0.008039802312850897,0.0914380460977554,0.003488825854825692,0.0869681239128112,0.0960015058517456,0.00903338193893441
squat_espalda_arqueada,squat_espalda_arqueada_5_3_diag.csv,77,90.28038884119171,18.93467220972239,74.35888282452308,136.4206240686509,62.06174124412783,66.66682052153148,19.9100656716329,49.7195973304316,115.01949286225329,65.29989553182169,0.06692577799161273,0.0043055853093092195,0.0595707893371582,0.0780180394649505,0.018447250127792303,0.0938767979542414,0.0038252599124463877,0.0903111696243286,0.1007195115089416,0.010408341884612995
squat_poca_profundidad,squat_poca_profundidad_3_1_diag.csv,37,142.52293254599684,5.32286502762781,136.4562223780423,155.0565396184018,18.600317240359516,151.98433787324163,4.184324249970282,146.88552912504383,159.42871049330563,12.543181368261799,0.04683326880137121,0.0025697092698611914,0.0415486097335815,0.0507454276084899,0.009196817874908399,0.03433476189772284,0.004280164639693887,0.0252349078655242,0.0400210320949554,0.014786124229431204
squat_poca_profundidad,squat_poca_profundidad_3_2_diag.csv,34,146.96093511587827,6.571285878560605,139.4143616459956,160.76413370179205,21.34977205579645,154.8417351685297,5.423823358738909,148.30680830025182,165.30452168788457,16.997713387632757,0.05007851620515183,0.0014369265016162978,0.0470503270626068,0.0528230965137481,0.005772769451141302,0.035236249367396,0.004959449562387013,0.0279058218002319,0.0427668988704681,0.014861077070236199
squat_poca_profundidad,squat_poca_profundidad_3_3_diag.csv,39,141.59452039148331,13.012327330561268,128.65316767150438,173.58367157412806,44.930503902623684,153.59531515165065,8.897043264125935,145.4277064762104,176.16553786910853,30.73783139289813,0.04892379939556119,0.004709821672785838,0.0358647108078002,0.0526496171951293,0.016784906387329095,0.03740443189938859,0.004958601963256991,0.0248165130615234,0.0429941117763519,0.0181775987148285
squat_poca_profundidad,squat_poca_profundidad_4_1_diag.csv,38,157.7772433856638,1.6871651176443239,155.96206065999553,161.2582994723848,5.2962388123892765,159.1412879909589,1.7979433582168955,157.37458637740957,163.72221824419455,6.34763186678498,0.06956382095813747,0.0018109603796180784,0.0671517848968505,0.0720823109149932,0.0049305260181427,0.04777042369047797,0.0017961404460171975,0.0430604815483093,0.0492865443229675,0.006226062774658203
squat_poca_profundidad,squat_poca_profundidad_4_2_diag.csv,54,160.91599721286264,4.421012028910489,157.82723024614006,173.86405219404054,16.036821947900478,163.31347014873808,4.6872590539627,159.86017799454356,174.53163473563626,14.671456741092697,0.07101733783880865,0.001868035306036311,0.0658398568630218,0.0722475945949554,0.006407737731933608,0.04104921718438462,0.005303037884578522,0.0270870923995971,0.0448076725006103,0.017720580101013204
squat_poca_profundidad,squat_poca_profundidad_4_3_diag.csv,31,161.96454088124918,2.9309588414681396,159.68710662639853,169.47726208461398,9.790155458215452,161.54055548834918,2.6957754288560425,159.02022825763385,168.74956839902137,9.729340141387524,0.0737948268651962,0.0016470292813055155,0.0717506110668182,0.0769025385379791,0.0051519274711609025,0.04841226736704504,0.0011754713396186617,0.0447920560836792,0.0498607158660888,0.005068659782409599
squat_poca_profundidad,squat_poca_profundidad_4_3_diag.csv,48,161.1050170664663,2.1238392107810755,159.51775126901077,167.0454258525155,7.527674583504734,160.48624645084237,2.2071449238511898,158.7213600767771,166.8546894888383,8.133329412061187,0.07121664285659787,0.0013400614034107543,0.0676726698875427,0.0729366540908813,0.005263984203338609,0.04818453192710872,0.0023242164918976186,0.0413184463977813,0.0504779517650604,0.009159505367279094
squat_poca_profundidad,squat_poca_profundidad_5_1_diag.csv,43,130.80949833972372,3.720811726381906,126.69245074646439,138.37384685846422,11.681396111999831,136.68868308103146,2.9014526182720797,133.45451051613344,142.75781061050333,9.303300094369888,0.03466652035713192,0.0014683935431522373,0.0322420597076416,0.0372465252876281,0.005004465579986496,0.055729896823565134,0.0013217803913798567,0.0529602766036987,0.0572164952754974,0.004256218671798699
squat_poca_profundidad,squat_poca_profundidad_5_2_diag.csv,52,131.27671450096557,4.5930398503116106,127.1065112217712,143.39384896985047,16.287337748079267,136.3660481024204,3.5578230102789368,132.81834727412985,144.5230971206073,11.704749846477455,0.035130129257837886,0.001753791674441289,0.0331281423568725,0.0386335253715515,0.005505383014678997,0.055725895365079214,0.002376523295933588,0.0495987236499786,0.0581056773662567,0.008506953716278097
squat_poca_profundidad,squat_poca_profundidad_5_3_diag.csv,51,130.47061728631982,3.955755665406,126.8614681390617,141.1944762172372,14.333008078175496,141.15077679457698,4.8261442783846045,136.30420547197673,152.22271845560965,15.918512983632922,0.0343001027901967,0.0017855162467179616,0.0322434306144714,0.0378879308700561,0.005644500255584696,0.041952496767044024,0.0032970617414609356,0.0366292893886566,0.0463639199733734,0.009734630584716797
squat_poca_profundidad,squat_poca_profundidad_1_1_front.csv,37,167.90437209008365,4.288781814222363,161.93077113746375,175.40191530216237,13.471144164698615,166.45536722475697,2.978324794355307,162.0597336599082,171.33816197282314,9.27842831291494,0.10200613041718798,0.0077528958040609715,0.0858960747718811,0.1114571690559387,0.025561094284057603,0.018208696444829267,0.0018191140785403601,0.0160777568817138,0.022454023361206,0.006376266479492198
squat_poca_profundidad,squat_poca_profundidad_1_3_front.csv,35,166.74246574091967,4.794715321269145,159.89519047840625,173.65249294800446,13.757302469598216,164.96478723273333,3.714002987229915,159.63280492793774,170.57711225046404,10.9443073225263,0.10222378373146054,0.007034185056335981,0.0900035202503204,0.1115307807922363,0.021527260541915894,0.021497430404027257,0.0010050374407086374,0.0206441283226013,0.0242482423782348,0.0036041140556335
squat_valgo_rodilla,squat_valgo_rodilla_1_1_diag.csv,31,129.84433667596278,17.02121136511442,108.03249902585637,160.09547902471417,52.0629799988578,144.17099659317398,10.80390980581664,131.07693913629075,163.82996116089788,32.753022024607134,0.0373793631792068,0.005620236132023116,0.0262137651443481,0.0481888353824615,0.0219750702381134,0.045205381512641876,0.005297839822917438,0.0341114401817321,0.0519309937953949,0.017819553613662796
squat_valgo_rodilla,squat_valgo_rodilla_1_2_diag.csv,29,131.57508182172126,16.821720253136803,108.8515803310967,160.18646277112163,51.33488244002493,145.46042681138053,11.872710929201093,129.55529821198448,164.30586823702333,34.750570025038854,0.040468578537305164,0.003089262838168053,0.0363456308841705,0.0476715862751007,0.011325955390930204,0.04013977746168768,0.0071260965571504735,0.0264306962490081,0.0486536622047424,0.022222965955734298
squat_valgo_rodilla,squat_valgo_rodilla_1_3_diag.csv,32,127.0845562149902,17.12432873853603,103.85014019338965,157.62525028550948,53.77511009211983,143.16865113256296,11.999396816850355,128.19212840081428,163.6256137709325,35.433485370118206,0.04150449931621547,0.00473025299496692,0.0368464589118957,0.0543760061264038,0.0175295472145081,0.04240359663963315,0.007549123150442706,0.0290404558181762,0.0514020025730133,0.0223615467548371
squat_valgo_rodilla,squat_valgo_rodilla_2_1_diag.csv,49,135.28678630860557,6.76011206885932,128.12865750322618,150.8884161934732,22.759758690247025,156.3577851586572,4.9290758308191975,151.5597968656611,167.50950613446952,15.94970926880842,0.015822118520736637,0.006889647442702158,0.0064591169357299,0.0280200839042663,0.021560966968536398,0.029988884925842233,0.005669064880642178,0.0150189995765686,0.0361087322235107,0.0210897326469421
squat_valgo_rodilla,squat_valgo_rodilla_2_2_diag.csv,54,130.0885731440288,8.830039597212162,121.2945900844739,149.85546282849856,28.560872744024664,150.64302289847214,5.276667947071287,145.4461718065346,162.6164932562523,17.170321449717704,0.008661127090454053,0.005695949694689362,0.0002402067184448,0.0230694413185119,0.0228292346000671,0.03034118215243015,0.004682525529857846,0.0214545130729675,0.035423457622528,0.013968944549560498
squat_valgo_rodilla,squat_valgo_rodilla_2_3_diag.csv,45,130.05183718061411,6.931728107077488,121.93878841129896,144.50166860989026,22.5628801985913,152.11272165764464,4.799317230555776,146.16114270370463,160.73846718241663,14.577324478712,0.011022694905598904,0.0054860349672817554,0.0061593651771545,0.0249475836753845,0.01878821849823,0.026451553901036547,0.0035678688612106216,0.0188973546028137,0.0312131643295288,0.012315809726715102
squat_valgo_rodilla,squat_valgo_rodilla_3_1_diag.csv,49,107.34565469897952,16.407863514476418,88.05310881234493,145.28971440656005,57.23660559421512,131.07005753511152,10.879535044122042,119.36254474313792,155.0328586011923,35.67031385805437,0.0483740409215291,0.0015860913987289806,0.0450361669063568,0.0510831475257873,0.0060469806194305,0.052621349692344624,0.004810956865327829,0.0432907342910766,0.0586586892604827,0.0153679549694061
squat_valgo_rodilla,squat_valgo_rodilla_3_2_diag.csv,52,104.78650305872375,11.142075017529878,93.1326564502842,132.42207335727545,39.28941690699125,127.77788106121952,7.357946202907805,119.55006973052858,144.067461536277,24.517391805748417,0.0577394902706146,0.004802602743937647,0.0456257462501525,0.0629409849643707,0.017315238714218202,0.0495496203502019,0.0017395251908991524,0.0462515354156494,0.0517501235008239,0.005498588085174498
squat_valgo_rodilla,squat_valgo_rodilla_3_3_diag.csv,41,106.02950544338132,14.093457011900105,89.67318492551166,133.71654542898204,44.04336050347038,131.44497993257133,7.8856044479193645,121.72061195515988,146.18506542485585,24.464453469695968,0.04435542821884152,0.003350133114790024,0.0389052927494049,0.0490610003471374,0.010155707597732502,0.051301318407058684,0.004055176024024383,0.0441058278083801,0.0559915900230407,0.011885762214660603
squat_valgo_rodilla,squat_valgo_rodilla_4_1_diag.csv,62,140.2984342723888,5.514477030974541,135.6335628310804,155.50479887217924,19.871236041098825,148.3891898623419,3.764739367991159,145.20248542101365,159.09276112811264,13.890275707098994,0.039908730983734084,0.0022491860780408223,0.0354965329170227,0.045734167098999,0.010237634181976304,0.04291484057903285,0.003606045491624031,0.0352551043033599,0.0471952259540557,0.0119401216506958
squat_valgo_rodilla,squat_valgo_rodilla_4_2_diag.csv,59,140.91576957477295,5.742960039228771,135.8401109358028,154.28320393502537,18.443092999222557,148.87976290046555,4.687937934229141,143.55816032616818,159.61829319206487,16.06013286589669,0.042438466350237486,0.0017496394709175665,0.0393980741500854,0.0473927855491638,0.007994711399078397,0.042607215046882585,0.0018157072493852437,0.0380389988422393,0.0449399650096893,0.006900966167450007
squat_valgo_rodilla,squat_valgo_rodilla_4_3_diag.csv,53,141.50647569565567,5.648924979692279,136.5731883252888,154.93286114110222,18.35967281581341,154.55364760483096,3.6380269345825407,150.89253830998314,163.06019608482273,12.167657774839597,0.03740953207015987,0.0028253259232071796,0.0330424308776855,0.0420621931552886,0.0090197622776031,0.04049306511878963,0.004704772593853542,0.0297299623489379,0.0447293221950531,0.014999359846115199
squat_valgo_rodilla,squat_valgo_rodilla_5_1_diag.csv,71,113.61491379700341,10.376163743130602,99.82121305585846,133.55188747045966,33.7306744146012,111.97438144961188,10.722121485610671,96.91300140062066,132.35299239047853,35.439990989857876,0.03736850917339322,0.0038641065257219594,0.0313668847084045,0.0502301752567291,0.0188632905483246,0.06875783801078791,0.001938987729123619,0.0627915859222412,0.0708692669868469,0.008077681064605699
squat_valgo_rodilla,squat_valgo_rodilla_5_2_diag.csv,67,112.18869207140393,8.171075870216036,101.17450603307631,125.85826101077895,24.683754977702634,113.93922196085772,8.389090803364926,102.29588098089364,126.75455570841166,24.458674727518016,0.03726782997449236,0.0015086694084435175,0.0345104336738586,0.0398463606834411,0.005335927009582499,0.0660127927859624,0.0016842510875675263,0.0618930160999298,0.0683872699737548,0.006494253873824997
squat_valgo_rodilla,squat_valgo_rodilla_5_3_diag.csv,73,107.33565378217142,12.394516659896741,91.480359255147,132.24253913754953,40.762179882402535,105.27929327998018,12.903716666935866,87.29255308916885,130.61555748508002,43.32300439591117,0.03839468955993648,0.005760632996774948,0.0304354429244995,0.0507288575172424,0.020293414592742896,0.07160048087437945,0.0017352236887855723,0.0680631101131439,0.0741367936134338,0.006073683500289903
squat_valgo_rodilla,squat_valgo_rodilla_3_3_front.csv,34,163.48311712484738,4.081675510558459,159.99701513232543,172.66402151035385,12.667006378028418,168.8707306635633,2.5900793110850966,165.46604471425394,173.99628361677054,8.5302389025166,0.07507712344328558,0.0052176462825384365,0.0673224329948425,0.081750214099884,0.014427781105041504,0.02691310644149776,0.0005369186097904432,0.0255982875823974,0.0278559923171997,0.0022577047348023016
